week_start_date,job_offer_id
2026-07-13,0388930
2026-07-13,0412313
2026-07-13,0412786
2026-07-13,0483832
2026-07-13,0962836
2026-07-13,1205837
2026-07-13,1259330
2026-07-13,1473696
2026-07-13,1620026
2026-07-13,1720457
2026-07-13,1762853
2026-07-13,1917824
2026-07-13,1917828
2026-07-13,1918009
2026-07-13,1918180
2026-07-13,1918184
2026-07-13,1918187
2026-07-13,1918195
2026-07-13,1918199
2026-07-13,1918201
2026-07-13,1918204
2026-07-13,1918210
2026-07-13,1918247
2026-07-13,1918329
2026-07-13,1918338
2026-07-13,1918344
2026-07-13,1918351
2026-07-13,1918360
2026-07-13,1918398
2026-07-13,2038805
2026-07-13,203KFZL
2026-07-13,2044499
2026-07-13,204DTZQ
2026-07-13,2056685
2026-07-13,206MMXC
2026-07-13,206RHRP
2026-07-13,206ZGTB
2026-07-13,207YDWX
2026-07-13,208BNFF
2026-07-13,208DHGW
2026-07-13,208DSQG
2026-07-13,208GHBL
2026-07-13,208PGCW
2026-07-13,208QPBG
2026-07-13,208QTJT
2026-07-13,208RYNH
2026-07-13,208RYPH
2026-07-13,208XSBK
2026-07-13,208ZJTH
2026-07-13,209BQHR
2026-07-13,209CJFW
2026-07-13,209HPND
2026-07-13,209HSQC
2026-07-13,209KCSN
2026-07-13,209KNQT
2026-07-13,209LMLZ
2026-07-13,209SPGN
2026-07-13,209TZRK
2026-07-13,209VCCG
2026-07-13,209VKJG
2026-07-13,209WWMK
2026-07-13,209XFLR
2026-07-13,209YFBT
2026-07-13,209ZLVD
2026-07-13,209ZNBJ
2026-07-13,209ZPFG
2026-07-13,209ZRFX
2026-07-13,210BQDK
2026-07-13,210BVNQ
2026-07-13,210CKBZ
2026-07-13,210DWZR
2026-07-13,210DXNQ
2026-07-13,210DZCS
2026-07-13,210FFXM
2026-07-13,210FJKM
2026-07-13,210FJSC
2026-07-13,210FLQL
2026-07-13,210FNBQ
2026-07-13,210GGQB
2026-07-13,210GWWS
2026-07-13,210HBMW
2026-07-13,210HMQP
2026-07-13,210HNXN
2026-07-13,210HNXY
2026-07-13,210HQMV
2026-07-13,210HQYQ
2026-07-13,210HSKT
2026-07-13,210JKLB
2026-07-13,210JKNL
2026-07-13,210JKNT
2026-07-13,210JQWV
2026-07-13,210JZGC
2026-07-13,210KDLP
2026-07-13,210KDMT
2026-07-13,210KDPT
2026-07-13,210KGXK
2026-07-13,210KHBP
2026-07-13,210KJYH
2026-07-13,210KLVF
2026-07-13,210KMXZ
2026-07-13,210KMYJ
2026-07-13,210KNBC
2026-07-13,210KNDQ
2026-07-13,210KNKY
2026-07-13,210KTTD
2026-07-13,210LCDC
2026-07-13,210LFLB
2026-07-13,210LGWN
2026-07-13,210LMPL
2026-07-13,210LNTS
2026-07-13,210MPZW
2026-07-13,210MXQW
2026-07-13,210NHQW
2026-07-13,210NJCZ
2026-07-13,210NMLG
2026-07-13,210NPYJ
2026-07-13,210NWKL
2026-07-13,210NYMX
2026-07-13,210PGYG
2026-07-13,210PSNS
2026-07-13,210PTDP
2026-07-13,210PTGQ
2026-07-13,210QCYK
2026-07-13,210QGBB
2026-07-13,210QHCT
2026-07-13,210QHFB
2026-07-13,210QLWH
2026-07-13,210QQSX
2026-07-13,210QWBL
2026-07-13,210QZHX
2026-07-13,210RPVD
2026-07-13,210SGRW
2026-07-13,210SJNW
2026-07-13,210SSSJ
2026-07-13,210STSZ
2026-07-13,210SWSK
2026-07-13,210TKKH
2026-07-13,210TQNG
2026-07-13,210TRVY
2026-07-13,210TSCK
2026-07-13,210TSQV
2026-07-13,210TYWH
2026-07-13,210VBLP
2026-07-13,210VFXK
2026-07-13,210VLJL
2026-07-13,210VNPC
2026-07-13,210VNPK
2026-07-13,210WCKN
2026-07-13,210WJJM
2026-07-13,210WMMP
2026-07-13,210WPDN
2026-07-13,210WPGF
2026-07-13,210XNHD
2026-07-13,210XXMV
2026-07-13,210YDQC
2026-07-13,210YMHC
2026-07-13,210ZHWG
2026-07-13,210ZQCS
2026-07-13,210ZQZP
2026-07-13,210ZSFT
2026-07-13,211BMTD
2026-07-13,211BNYF
2026-07-13,211BQCT
2026-07-13,211BQPP
2026-07-13,211BQXG
2026-07-13,211BRLZ
2026-07-13,211BVVX
2026-07-13,211BXMP
2026-07-13,211CBYV
2026-07-13,211CFTP
2026-07-13,211CZPN
2026-07-13,211DHGM
2026-07-13,211DYKK
2026-07-13,211FBQK
2026-07-13,211FDMV
2026-07-13,211FFHM
2026-07-13,211FGFP
2026-07-13,211FNNV
2026-07-13,211FTGL
2026-07-13,211GMTS
2026-07-13,211GXXL
2026-07-13,211HCMT
2026-07-13,211HLMJ
2026-07-13,211HRDB
2026-07-13,211HVFG
2026-07-13,2191371
2026-07-13,2294508
2026-07-13,2294509
2026-07-13,2294517
2026-07-13,2349047
2026-07-13,2349052
2026-07-13,2393226
2026-07-13,2395866
2026-07-13,2417170
2026-07-13,2427328
2026-07-13,2427340
2026-07-13,2614504
2026-07-13,2614506
2026-07-13,2676247
2026-07-13,2677082
2026-07-13,2813125
2026-07-13,2849107
2026-07-13,2858211
2026-07-13,2867992
2026-07-13,2888031
2026-07-13,2914385
2026-07-13,2915026
2026-07-13,2991531
2026-07-13,3058696
2026-07-13,3059216
2026-07-13,3155491
2026-07-13,3213073
2026-07-13,3216713
2026-07-13,3219430
2026-07-13,3269925
2026-07-13,3333073
2026-07-13,3353225
2026-07-13,3367589
2026-07-13,3444008
2026-07-13,3444184
2026-07-13,3461497
2026-07-13,3465529
2026-07-13,3488356
2026-07-13,3521356
2026-07-13,3521457
2026-07-13,3535187
2026-07-13,3535229
2026-07-13,3535457
2026-07-13,3539845
2026-07-13,3559396
2026-07-13,3614109
2026-07-13,3617339
2026-07-13,3617352
2026-07-13,3630654
2026-07-13,3632370
2026-07-13,3646938
2026-07-13,3684719
2026-07-13,3684936
2026-07-13,3687902
2026-07-13,3739979
2026-07-13,3740147
2026-07-13,3756656
2026-07-13,3759650
2026-07-13,3769042
2026-07-13,3796405
2026-07-13,3851440
2026-07-13,3858563
2026-07-13,3858709
2026-07-13,3858801
2026-07-13,3873447
2026-07-13,3899576
2026-07-13,3905025
2026-07-13,3922364
2026-07-13,3986707
2026-07-13,3993589
2026-07-13,3998879
2026-07-13,3998900
2026-07-13,4038197
2026-07-13,4052045
2026-07-13,4052198
2026-07-13,4054332
2026-07-13,4066646
2026-07-13,4073272
2026-07-13,4123974
2026-07-13,4130233
2026-07-13,4136733
2026-07-13,4159765
2026-07-13,4163375
2026-07-13,4166360
2026-07-13,4171698
2026-07-13,4171710
2026-07-13,4173147
2026-07-13,4173195
2026-07-13,4196276
2026-07-13,4205074
2026-07-13,4208467
2026-07-13,4208867
2026-07-13,4208880
2026-07-13,4234200
2026-07-13,4235512
2026-07-13,4235947
2026-07-13,4242150
2026-07-13,4252698
2026-07-13,4252939
2026-07-13,4298298
2026-07-13,4298624
2026-07-13,4299819
2026-07-13,4300427
2026-07-13,4309383
2026-07-13,4316555
2026-07-13,4317222
2026-07-13,4317834
2026-07-13,4318145
2026-07-13,4318850
2026-07-13,4319968
2026-07-13,4331006
2026-07-13,4340968
2026-07-13,4341287
2026-07-13,4341625
2026-07-13,4341771
2026-07-13,4349582
2026-07-13,4349585
2026-07-13,4352578
2026-07-13,4361326
2026-07-13,4361327
2026-07-13,4371575
2026-07-13,4381729
2026-07-13,4385037
2026-07-13,4390754
2026-07-13,4390847
2026-07-13,4391353
2026-07-13,4397173
2026-07-13,4398493
2026-07-13,4405813
2026-07-13,4405818
2026-07-13,4414386
2026-07-13,4421129
2026-07-13,4421139
2026-07-13,4421153
2026-07-13,4430312
2026-07-13,4439254
2026-07-13,4470178
2026-07-13,4481288
2026-07-13,4490251
2026-07-13,4492407
2026-07-13,4494635
2026-07-13,4500545
2026-07-13,4506163
2026-07-13,4519878
2026-07-13,4519882
2026-07-13,4520012
2026-07-13,4535554
2026-07-13,4567678
2026-07-13,4570642
2026-07-13,4572153
2026-07-13,4573784
2026-07-13,4575697
2026-07-13,4575793
2026-07-13,4578878
2026-07-13,4579231
2026-07-13,4579382
2026-07-13,4579657
2026-07-13,4579717
2026-07-13,4584452
2026-07-13,4587914
2026-07-13,4589232
2026-07-13,4589233
2026-07-13,4606073
2026-07-13,4606713
2026-07-13,4607015
2026-07-13,4627496
2026-07-13,4630212
2026-07-13,4630425
2026-07-13,4630445
2026-07-13,4630614
2026-07-13,4632418
2026-07-13,4634529
2026-07-13,4634569
2026-07-13,4634732
2026-07-13,4634849
2026-07-13,4635043
2026-07-13,4652126
2026-07-13,4652856
2026-07-13,4653603
2026-07-13,4655816
2026-07-13,4659471
2026-07-13,4673755
2026-07-13,4673763
2026-07-13,4673766
2026-07-13,4679884
2026-07-13,4681860
2026-07-13,4695483
2026-07-13,4695869
2026-07-13,4707856
2026-07-13,4708289
2026-07-13,4710200
2026-07-13,4714514
2026-07-13,4732168
2026-07-13,4734700
2026-07-13,4743160
2026-07-13,4743466
2026-07-13,4746841
2026-07-13,4753821
2026-07-13,4753988
2026-07-13,4754292
2026-07-13,4758998
2026-07-13,4760172
2026-07-13,4768217
2026-07-13,4769669
2026-07-13,4770992
2026-07-13,4772944
2026-07-13,4777773
2026-07-13,4779796
2026-07-13,4782264
2026-07-13,4782396
2026-07-13,4784324
2026-07-13,4784440
2026-07-13,4788390
2026-07-13,4790357
2026-07-13,4790362
2026-07-13,4790390
2026-07-13,4790580
2026-07-13,4790590
2026-07-13,4794796
2026-07-13,4796634
2026-07-13,4801946
2026-07-13,4801962
2026-07-13,4812565
2026-07-13,4812590
2026-07-13,4825299
2026-07-13,4826763
2026-07-13,4828389
2026-07-13,4828426
2026-07-13,4828434
2026-07-13,4828900
2026-07-13,4835234
2026-07-13,4840563
2026-07-13,4851213
2026-07-13,4856286
2026-07-13,4865207
2026-07-13,4865317
2026-07-13,4865814
2026-07-13,4869725
2026-07-13,4871485
2026-07-13,4873310
2026-07-13,4877240
2026-07-13,4877965
2026-07-13,4878074
2026-07-13,4882353
2026-07-13,4883481
2026-07-13,4883872
2026-07-13,4887263
2026-07-13,4887418
2026-07-13,4888512
2026-07-13,4888800
2026-07-13,4888855
2026-07-13,4889129
2026-07-13,4889666
2026-07-13,4889680
2026-07-13,4889731
2026-07-13,4890357
2026-07-13,4890456
2026-07-13,4891361
2026-07-13,4891373
2026-07-13,4892397
2026-07-13,4893651
2026-07-13,4893934
2026-07-13,4898194
2026-07-13,4905904
2026-07-13,4905906
2026-07-13,4906512
2026-07-13,4933945
2026-07-13,4935251
2026-07-13,4935597
2026-07-13,4935793
2026-07-13,4935864
2026-07-13,4935992
2026-07-13,4946509
2026-07-13,4948514
2026-07-13,4948557
2026-07-13,4948575
2026-07-13,4948728
2026-07-13,4951891
2026-07-13,4952678
2026-07-13,4954940
2026-07-13,4961611
2026-07-13,4964225
2026-07-13,4964262
2026-07-13,4967402
2026-07-13,4967460
2026-07-13,4968286
2026-07-13,4970606
2026-07-13,4977686
2026-07-13,5006247
2026-07-13,5006920
2026-07-13,5006991
2026-07-13,5010939
2026-07-13,5011031
2026-07-13,5011206
2026-07-13,5011253
2026-07-13,5016934
2026-07-13,5016941
2026-07-13,5017079
2026-07-13,5018993
2026-07-13,5023662
2026-07-13,5030137
2026-07-13,5030141
2026-07-13,5031587
2026-07-13,5034277
2026-07-13,5039881
2026-07-13,5040462
2026-07-13,5040469
2026-07-13,5040821
2026-07-13,5042242
2026-07-13,5042246
2026-07-13,5042643
2026-07-13,5042771
2026-07-13,5042795
2026-07-13,5044315
2026-07-13,5046104
2026-07-13,5060457
2026-07-13,5060781
2026-07-13,5063013
2026-07-13,5063218
2026-07-13,5063220
2026-07-13,5063232
2026-07-13,5063737
2026-07-13,5064812
2026-07-13,5064813
2026-07-13,5066551
2026-07-13,5066630
2026-07-13,5066631
2026-07-13,5066653
2026-07-13,5067581
2026-07-13,5069015
2026-07-13,5069106
2026-07-13,5069117
2026-07-13,5069119
2026-07-13,5070022
2026-07-13,5072597
2026-07-13,5075929
2026-07-13,5075950
2026-07-13,5075963
2026-07-13,5075964
2026-07-13,5076523
2026-07-13,5076918
2026-07-13,5076954
2026-07-13,5076989
2026-07-13,5077650
2026-07-13,5077654
2026-07-13,5077862
2026-07-13,5077863
2026-07-13,5077945
2026-07-13,5077969
2026-07-13,5077970
2026-07-13,5077978
2026-07-13,5078073
2026-07-13,5078615
2026-07-13,5079403
2026-07-13,5079404
2026-07-13,5081620
2026-07-13,5082543
2026-07-13,6957750
2026-07-13,8229894
2026-07-13,8646384
2026-07-13,8745672
2026-07-13,8813043
2026-07-13,8813533
2026-07-13,8814453
2026-07-13,9329184
2026-07-13,9329595
2026-07-13,9485010
2026-08-24,0020136
2026-08-24,0194951
2026-08-24,0197268
2026-08-24,0412313
2026-08-24,0412786
2026-08-24,0483832
2026-08-24,0990762
2026-08-24,1590204
2026-08-24,1720457
2026-08-24,1762853
2026-08-24,1917828
2026-08-24,1918009
2026-08-24,1918184
2026-08-24,1918195
2026-08-24,1918201
2026-08-24,1918204
2026-08-24,1918210
2026-08-24,1918344
2026-08-24,1918398
2026-08-24,203KFZL
2026-08-24,2044499
2026-08-24,2056685
2026-08-24,206RHRP
2026-08-24,208BNFF
2026-08-24,208GHBL
2026-08-24,208XSBK
2026-08-24,209HPND
2026-08-24,209SPGN
2026-08-24,209VCCG
2026-08-24,210FJKM
2026-08-24,210JQWV
2026-08-24,210LMPL
2026-08-24,210NMLG
2026-08-24,210QQSX
2026-08-24,211BMTD
2026-08-24,211BQXG
2026-08-24,211FDMV
2026-08-24,211LRNF
2026-08-24,211PXTB
2026-08-24,211QRQL
2026-08-24,211SKWW
2026-08-24,211SMNL
2026-08-24,211WGHP
2026-08-24,211WJZR
2026-08-24,211WRGH
2026-08-24,211XZCW
2026-08-24,211YBNX
2026-08-24,212BLXF
2026-08-24,212CBZN
2026-08-24,212CGMW
2026-08-24,212CNQH
2026-08-24,212CWBC
2026-08-24,212DCLY
2026-08-24,212DDCX
2026-08-24,212FHYV
2026-08-24,212FNXX
2026-08-24,212FWFH
2026-08-24,212GGZC
2026-08-24,212GLHJ
2026-08-24,212GLHM
2026-08-24,212GPNC
2026-08-24,212GQYJ
2026-08-24,212GWSB
2026-08-24,212GZGP
2026-08-24,212HGCT
2026-08-24,212HKXC
2026-08-24,212HYKK
2026-08-24,212JBMF
2026-08-24,212JNVS
2026-08-24,212JYML
2026-08-24,212KQNN
2026-08-24,212KTFN
2026-08-24,212KTGB
2026-08-24,212KTGW
2026-08-24,212LMGG
2026-08-24,212LMQZ
2026-08-24,212LQCB
2026-08-24,212MJJP
2026-08-24,212MVQP
2026-08-24,212MXBQ
2026-08-24,212NBNW
2026-08-24,212NFRV
2026-08-24,212NNZK
2026-08-24,212PNNQ
2026-08-24,212PSWJ
2026-08-24,212PWLX
2026-08-24,212QRZG
2026-08-24,212RFBZ
2026-08-24,212RGJB
2026-08-24,212RPDX
2026-08-24,212RPWF
2026-08-24,212RYBR
2026-08-24,212SGMP
2026-08-24,212TBBJ
2026-08-24,212TMRP
2026-08-24,212TTMY
2026-08-24,212VDFP
2026-08-24,212VFFM
2026-08-24,212VFSH
2026-08-24,212VHNV
2026-08-24,212VHQM
2026-08-24,212VJMZ
2026-08-24,212VPVJ
2026-08-24,212VVRK
2026-08-24,212VWPJ
2026-08-24,212VWZB
2026-08-24,212VZWV
2026-08-24,212WWML
2026-08-24,212XKSK
2026-08-24,212XKWS
2026-08-24,212XMPF
2026-08-24,212XRPX
2026-08-24,212XRWC
2026-08-24,212YFNC
2026-08-24,212YGKW
2026-08-24,212YSHJ
2026-08-24,212YYXJ
2026-08-24,212ZHVP
2026-08-24,212ZTTV
2026-08-24,212ZWSK
2026-08-24,212ZXLR
2026-08-24,213BHFF
2026-08-24,213BKXW
2026-08-24,213BNCW
2026-08-24,213BVTB
2026-08-24,213BXYF
2026-08-24,213BZVD
2026-08-24,213CFXN
2026-08-24,2393226
2026-08-24,2395866
2026-08-24,2427340
2026-08-24,2849107
2026-08-24,3219430
2026-08-24,3333073
2026-08-24,3444184
2026-08-24,3461497
2026-08-24,3488356
2026-08-24,3535187
2026-08-24,3535229
2026-08-24,3559396
2026-08-24,3617339
2026-08-24,3617352
2026-08-24,3646938
2026-08-24,3684719
2026-08-24,3851440
2026-08-24,3858563
2026-08-24,3858709
2026-08-24,3998900
2026-08-24,4066275
2026-08-24,4130233
2026-08-24,4196276
2026-08-24,4208880
2026-08-24,4298624
2026-08-24,4316555
2026-08-24,4317222
2026-08-24,4317834
2026-08-24,4318145
2026-08-24,4318850
2026-08-24,4319968
2026-08-24,4341625
2026-08-24,4341771
2026-08-24,4397173
2026-08-24,4398493
2026-08-24,4490251
2026-08-24,4519882
2026-08-24,4520012
2026-08-24,4570642
2026-08-24,4587914
2026-08-24,4607015
2026-08-24,4630614
2026-08-24,4632418
2026-08-24,4634529
2026-08-24,4634849
2026-08-24,4655816
2026-08-24,4673763
2026-08-24,4673766
2026-08-24,4710200
2026-08-24,4746841
2026-08-24,4758998
2026-08-24,4782396
2026-08-24,4893651
2026-08-24,4954940
2026-08-24,5006247
2026-08-24,5042643
2026-08-24,5069119
2026-08-24,5079403
2026-08-24,5131291
2026-08-24,5133836
2026-08-24,5142025
2026-08-24,5155945
2026-08-24,5193283
2026-08-24,5201009
2026-08-24,5202950
2026-08-24,5202959
2026-08-24,5203120
2026-08-24,5207153
2026-08-24,5225440
2026-08-24,5227728
2026-08-24,5227732
2026-08-24,5340474
2026-08-24,5340926
2026-08-24,5356015
2026-08-24,5358215
2026-08-24,5362340
2026-08-24,5363660
2026-08-24,5385424
2026-08-24,5395547
2026-08-24,5397637
2026-08-24,5433976
2026-08-24,5436555
2026-08-24,5436567
2026-08-24,5436569
2026-08-24,5436574
2026-08-24,5436594
2026-08-24,5470747
2026-08-24,5470748
2026-08-24,5489895
2026-08-24,5489909
2026-08-24,5496058
2026-08-24,5503391
2026-08-24,5506322
2026-08-24,5506409
2026-08-24,5509807
2026-08-24,5519282
2026-08-24,5548247
2026-08-24,5549913
2026-08-24,5557655
2026-08-24,5587028
2026-08-24,5594315
2026-08-24,5596957
2026-08-24,5599901
2026-08-24,5614638
2026-08-24,5620729
2026-08-24,5629286
2026-08-24,5629962
2026-08-24,5634001
2026-08-24,5655085
2026-08-24,5658992
2026-08-24,5665425
2026-08-24,5665612
2026-08-24,5665839
2026-08-24,5665901
2026-08-24,5671632
2026-08-24,5671775
2026-08-24,5684894
2026-08-24,5684981
2026-08-24,5690333
2026-08-24,5699764
2026-08-24,5700448
2026-08-24,5707363
2026-08-24,5707600
2026-08-24,5711038
2026-08-24,5725694
2026-08-24,5737785
2026-08-24,5738073
2026-08-24,5739442
2026-08-24,5739448
2026-08-24,5742738
2026-08-24,5777721
2026-08-24,5777981
2026-08-24,5778447
2026-08-24,5787434
2026-08-24,5791510
2026-08-24,5793039
2026-08-24,5801477
2026-08-24,5821158
2026-08-24,5830975
2026-08-24,5832423
2026-08-24,5833007
2026-08-24,5857386
2026-08-24,5857533
2026-08-24,5870941
2026-08-24,5880211
2026-08-24,5880909
2026-08-24,5882452
2026-08-24,5885391
2026-08-24,5885930
2026-08-24,5909906
2026-08-24,5930010
2026-08-24,5933806
2026-08-24,5942873
2026-08-24,5944267
2026-08-24,5945622
2026-08-24,5953750
2026-08-24,5959862
2026-08-24,5959875
2026-08-24,5971477
2026-08-24,5972730
2026-08-24,5972977
2026-08-24,6003131
2026-08-24,6003150
2026-08-24,6018097
2026-08-24,6018232
2026-08-24,6026830
2026-08-24,6029728
2026-08-24,6029796
2026-08-24,6033744
2026-08-24,6037858
2026-08-24,6039743
2026-08-24,6039833
2026-08-24,6039834
2026-08-24,6039856
2026-08-24,6045584
2026-08-24,6058699
2026-08-24,6074487
2026-08-24,6076694
2026-08-24,6078799
2026-08-24,6079077
2026-08-24,6079320
2026-08-24,6084059
2026-08-24,6085528
2026-08-24,6086170
2026-08-24,6086171
2026-08-24,6086177
2026-08-24,6086448
2026-08-24,6088727
2026-08-24,6088740
2026-08-24,6090089
2026-08-24,6090092
2026-08-24,6107750
2026-08-24,6108354
2026-08-24,6108513
2026-08-24,6109572
2026-08-24,6109577
2026-08-24,6112423
2026-08-24,6115379
2026-08-24,6117188
2026-08-24,6117320
2026-08-24,6119928
2026-08-24,6120728
2026-08-24,6120736
2026-08-24,6120749
2026-08-24,6122062
2026-08-24,6124390
2026-08-24,6124465
2026-08-24,6124466
2026-08-24,6124474
2026-08-24,6138570
2026-08-24,6138601
2026-08-24,6141304
2026-08-24,6142055
2026-08-24,6142514
2026-08-24,6143806
2026-08-24,6149512
2026-08-24,6152406
2026-08-24,6169404
2026-08-24,6169434
2026-08-24,6181714
2026-08-24,6183228
2026-08-24,6189165
2026-08-24,6202157
2026-08-24,6203697
2026-08-24,6203702
2026-08-24,6203706
2026-08-24,6204698
2026-08-24,6205230
2026-08-24,6205322
2026-08-24,6206210
2026-08-24,6207739
2026-08-24,6207903
2026-08-24,6207908
2026-08-24,6217103
2026-08-24,6217104
2026-08-24,6217122
2026-08-24,6217352
2026-08-24,6226719
2026-08-24,6226745
2026-08-24,6226766
2026-08-24,6232069
2026-08-24,6234143
2026-08-24,6240246
2026-08-24,6240796
2026-08-24,6241687
2026-08-24,6242134
2026-08-24,6242141
2026-08-24,6242145
2026-08-24,6242155
2026-08-24,6244037
2026-08-24,6244456
2026-08-24,6244989
2026-08-24,6245051
2026-08-24,6245172
2026-08-24,6245173
2026-08-24,6245180
2026-08-24,6245181
2026-08-24,6245185
2026-08-24,6265228
2026-08-24,6265242
2026-08-24,6266313
2026-08-24,6268996
2026-08-24,6277000
2026-08-24,6277738
2026-08-24,6278003
2026-08-24,6278304
2026-08-24,6278369
2026-08-24,6280558
2026-08-24,6280637
2026-08-24,6283454
2026-08-24,6284052
2026-08-24,6284088
2026-08-24,6284532
2026-08-24,6284555
2026-08-24,6288677
2026-08-24,6288710
2026-08-24,6304603
2026-08-24,6304626
2026-08-24,6304779
2026-08-24,6305363
2026-08-24,6306199
2026-08-24,6306621
2026-08-24,6306636
2026-08-24,6307602
2026-08-24,6307966
2026-08-24,6315202
2026-08-24,6318551
2026-08-24,6320330
2026-08-24,6320423
2026-08-24,6320501
2026-08-24,6323476
2026-08-24,6323833
2026-08-24,6324332
2026-08-24,6325841
2026-08-24,6326247
2026-08-24,6338217
2026-08-24,6341269
2026-08-24,6341769
2026-08-24,6341936
2026-08-24,6341937
2026-08-24,6341959
2026-08-24,6344745
2026-08-24,6344763
2026-08-24,6344771
2026-08-24,6344775
2026-08-24,6346869
2026-08-24,6349492
2026-08-24,6354745
2026-08-24,6354853
2026-08-24,6355316
2026-08-24,6356441
2026-08-24,6356454
2026-08-24,6357545
2026-08-24,6357546
2026-08-24,6357548
2026-08-24,6359260
2026-08-24,6359503
2026-08-24,6359852
2026-08-24,6378251
2026-08-24,6378295
2026-08-24,6378365
2026-08-24,6380064
2026-08-24,6381797
2026-08-24,6381878
2026-08-24,6381885
2026-08-24,6382786
2026-08-24,6388791
2026-08-24,6396133
2026-08-24,6396797
2026-08-24,6396867
2026-08-24,6397017
2026-08-24,6397732
2026-08-24,6398145
2026-08-24,6399853
2026-08-24,6400321
2026-08-24,6401510
2026-08-24,6402284
2026-08-24,6414963
2026-08-24,6417727
2026-08-24,6417943
2026-08-24,6419164
2026-08-24,6419275
2026-08-24,6424878
2026-08-24,6425687
2026-08-24,6425711
2026-08-24,6429014
2026-08-24,6429019
2026-08-24,6429021
2026-08-24,6429100
2026-08-24,6429317
2026-08-24,6429353
2026-08-24,6429386
2026-08-24,6430067
2026-08-24,6430315
2026-08-24,6430326
2026-08-24,6430354
2026-08-24,6430376
2026-08-24,6430420
2026-08-24,6430435
2026-08-24,6430490
2026-08-24,6431186
2026-08-24,6433165
2026-08-24,6435783
2026-08-24,6435835
2026-08-24,6435885
2026-08-24,6435913
2026-08-24,6436183
2026-08-24,6436377
2026-08-24,8127661
2026-08-31,0020136
2026-08-31,0194951
2026-08-31,0197268
2026-08-31,0412313
2026-08-31,0412786
2026-08-31,0483832
2026-08-31,0990762
2026-08-31,1590204
2026-08-31,1720457
2026-08-31,1762853
2026-08-31,1917828
2026-08-31,1918009
2026-08-31,1918184
2026-08-31,1918195
2026-08-31,1918201
2026-08-31,1918204
2026-08-31,1918210
2026-08-31,1918344
2026-08-31,1918398
2026-08-31,203KFZL
2026-08-31,2044499
2026-08-31,2056685
2026-08-31,206MMXC
2026-08-31,206RHRP
2026-08-31,208BNFF
2026-08-31,208GHBL
2026-08-31,208XSBK
2026-08-31,209HPND
2026-08-31,209SPGN
2026-08-31,209ZLVD
2026-08-31,210FJKM
2026-08-31,210JQWV
2026-08-31,210KJYH
2026-08-31,210NMLG
2026-08-31,210QQSX
2026-08-31,211BMTD
2026-08-31,211BQXG
2026-08-31,211FDMV
2026-08-31,211LRNF
2026-08-31,211QRQL
2026-08-31,211SKWW
2026-08-31,211SMNL
2026-08-31,211WGHP
2026-08-31,211WJZR
2026-08-31,211WRGH
2026-08-31,211XZCW
2026-08-31,211YBNX
2026-08-31,212BLXF
2026-08-31,212CGMW
2026-08-31,212CNQH
2026-08-31,212CWBC
2026-08-31,212DCLY
2026-08-31,212FHYV
2026-08-31,212FNXX
2026-08-31,212GGZC
2026-08-31,212GLHJ
2026-08-31,212GLHM
2026-08-31,212GPNC
2026-08-31,212GQYJ
2026-08-31,212GWSB
2026-08-31,212GZGP
2026-08-31,212HGCT
2026-08-31,212HYKK
2026-08-31,212JBMF
2026-08-31,212JNVS
2026-08-31,212JYML
2026-08-31,212KQNN
2026-08-31,212KTFN
2026-08-31,212KTGB
2026-08-31,212KTGW
2026-08-31,212LMGG
2026-08-31,212LMQZ
2026-08-31,212LQCB
2026-08-31,212MJJP
2026-08-31,212MVQP
2026-08-31,212MXBQ
2026-08-31,212NBNW
2026-08-31,212NNZK
2026-08-31,212PNNQ
2026-08-31,212PSWJ
2026-08-31,212PWLX
2026-08-31,212QRZG
2026-08-31,212RFBZ
2026-08-31,212RGJB
2026-08-31,212RPDX
2026-08-31,212RPWF
2026-08-31,212RYBR
2026-08-31,212SGMP
2026-08-31,212TBBJ
2026-08-31,212TMRP
2026-08-31,212TTMY
2026-08-31,212VDFP
2026-08-31,212VFFM
2026-08-31,212VFSH
2026-08-31,212VHNV
2026-08-31,212VHQM
2026-08-31,212VJMZ
2026-08-31,212VPVJ
2026-08-31,212VVRK
2026-08-31,212VWPJ
2026-08-31,212VWZB
2026-08-31,212VZWV
2026-08-31,212WWML
2026-08-31,212XKSK
2026-08-31,212XKWS
2026-08-31,212XMPF
2026-08-31,212XRPX
2026-08-31,212XRYP
2026-08-31,212YFNC
2026-08-31,212YGKW
2026-08-31,212YSHJ
2026-08-31,212YYXJ
2026-08-31,212ZHVP
2026-08-31,212ZTTV
2026-08-31,212ZWSK
2026-08-31,212ZWZX
2026-08-31,212ZXLR
2026-08-31,213BHFF
2026-08-31,213BKXW
2026-08-31,213BNCW
2026-08-31,213BVTB
2026-08-31,213BXYF
2026-08-31,213BZVD
2026-08-31,213CFXN
2026-08-31,213CNNN
2026-08-31,213CXWS
2026-08-31,213DGJM
2026-08-31,213DGMC
2026-08-31,213DJPS
2026-08-31,213DZKN
2026-08-31,213FNHV
2026-08-31,213FYCY
2026-08-31,213GKRK
2026-08-31,213GSLK
2026-08-31,213HVNQ
2026-08-31,213HWHN
2026-08-31,213HYVJ
2026-08-31,213HZKR
2026-08-31,213JDZK
2026-08-31,213JFNQ
2026-08-31,213JGJC
2026-08-31,213JHBR
2026-08-31,213JKCV
2026-08-31,213JQRH
2026-08-31,213JTYS
2026-08-31,213KMPD
2026-08-31,213KRHN
2026-08-31,213KRVQ
2026-08-31,213KRZR
2026-08-31,213KYXL
2026-08-31,213KZPC
2026-08-31,2393226
2026-08-31,2395866
2026-08-31,2427340
2026-08-31,2849107
2026-08-31,3219430
2026-08-31,3333073
2026-08-31,3444184
2026-08-31,3461497
2026-08-31,3488356
2026-08-31,3535187
2026-08-31,3535229
2026-08-31,3559396
2026-08-31,3617339
2026-08-31,3617352
2026-08-31,3646938
2026-08-31,3684719
2026-08-31,3851440
2026-08-31,3858563
2026-08-31,3858709
2026-08-31,3998900
2026-08-31,4066275
2026-08-31,4130233
2026-08-31,4196276
2026-08-31,4208880
2026-08-31,4298624
2026-08-31,4316555
2026-08-31,4317222
2026-08-31,4317834
2026-08-31,4318145
2026-08-31,4318850
2026-08-31,4319968
2026-08-31,4341625
2026-08-31,4341771
2026-08-31,4397173
2026-08-31,4398493
2026-08-31,4490251
2026-08-31,4519882
2026-08-31,4520012
2026-08-31,4570642
2026-08-31,4587914
2026-08-31,4607015
2026-08-31,4630614
2026-08-31,4632418
2026-08-31,4634529
2026-08-31,4634849
2026-08-31,4655816
2026-08-31,4673763
2026-08-31,4673766
2026-08-31,4710200
2026-08-31,4746841
2026-08-31,4758998
2026-08-31,4782396
2026-08-31,4893651
2026-08-31,4954940
2026-08-31,5006247
2026-08-31,5062741
2026-08-31,5069119
2026-08-31,5079403
2026-08-31,5131291
2026-08-31,5133836
2026-08-31,5142025
2026-08-31,5155945
2026-08-31,5193283
2026-08-31,5202950
2026-08-31,5202959
2026-08-31,5203120
2026-08-31,5207153
2026-08-31,5225440
2026-08-31,5227728
2026-08-31,5227732
2026-08-31,5340926
2026-08-31,5356015
2026-08-31,5358215
2026-08-31,5362340
2026-08-31,5363660
2026-08-31,5385424
2026-08-31,5395547
2026-08-31,5397637
2026-08-31,5433976
2026-08-31,5436555
2026-08-31,5436567
2026-08-31,5436569
2026-08-31,5436574
2026-08-31,5436594
2026-08-31,5470747
2026-08-31,5470748
2026-08-31,5489895
2026-08-31,5489909
2026-08-31,5496058
2026-08-31,5503391
2026-08-31,5506322
2026-08-31,5506409
2026-08-31,5509807
2026-08-31,5519282
2026-08-31,5548247
2026-08-31,5549913
2026-08-31,5557655
2026-08-31,5587028
2026-08-31,5594315
2026-08-31,5596957
2026-08-31,5599901
2026-08-31,5614638
2026-08-31,5620729
2026-08-31,5629286
2026-08-31,5629962
2026-08-31,5634001
2026-08-31,5655085
2026-08-31,5658992
2026-08-31,5665425
2026-08-31,5665612
2026-08-31,5665839
2026-08-31,5665901
2026-08-31,5671632
2026-08-31,5671775
2026-08-31,5684981
2026-08-31,5690333
2026-08-31,5699764
2026-08-31,5700448
2026-08-31,5707600
2026-08-31,5711038
2026-08-31,5725694
2026-08-31,5737785
2026-08-31,5738073
2026-08-31,5739442
2026-08-31,5739448
2026-08-31,5742738
2026-08-31,5777721
2026-08-31,5777981
2026-08-31,5778447
2026-08-31,5787434
2026-08-31,5791510
2026-08-31,5801477
2026-08-31,5821158
2026-08-31,5830975
2026-08-31,5832423
2026-08-31,5833007
2026-08-31,5857386
2026-08-31,5857533
2026-08-31,5870941
2026-08-31,5880211
2026-08-31,5880909
2026-08-31,5882452
2026-08-31,5885391
2026-08-31,5885930
2026-08-31,5909906
2026-08-31,5930010
2026-08-31,5933806
2026-08-31,5942873
2026-08-31,5944267
2026-08-31,5945622
2026-08-31,5953750
2026-08-31,5959862
2026-08-31,5959875
2026-08-31,5971477
2026-08-31,5972730
2026-08-31,5972977
2026-08-31,6003131
2026-08-31,6003150
2026-08-31,6018097
2026-08-31,6018232
2026-08-31,6026830
2026-08-31,6029728
2026-08-31,6029796
2026-08-31,6033744
2026-08-31,6039833
2026-08-31,6039834
2026-08-31,6039856
2026-08-31,6076694
2026-08-31,6078799
2026-08-31,6079077
2026-08-31,6079320
2026-08-31,6084059
2026-08-31,6085528
2026-08-31,6086170
2026-08-31,6086171
2026-08-31,6086177
2026-08-31,6086448
2026-08-31,6088727
2026-08-31,6088740
2026-08-31,6090089
2026-08-31,6090092
2026-08-31,6107750
2026-08-31,6108354
2026-08-31,6108513
2026-08-31,6109572
2026-08-31,6109577
2026-08-31,6112423
2026-08-31,6115379
2026-08-31,6117188
2026-08-31,6117320
2026-08-31,6119928
2026-08-31,6120728
2026-08-31,6120736
2026-08-31,6120749
2026-08-31,6122062
2026-08-31,6124390
2026-08-31,6124465
2026-08-31,6124466
2026-08-31,6124474
2026-08-31,6138570
2026-08-31,6138601
2026-08-31,6141304
2026-08-31,6142055
2026-08-31,6142514
2026-08-31,6143806
2026-08-31,6149512
2026-08-31,6152406
2026-08-31,6169335
2026-08-31,6169348
2026-08-31,6169380
2026-08-31,6169404
2026-08-31,6169434
2026-08-31,6181714
2026-08-31,6183228
2026-08-31,6189165
2026-08-31,6202157
2026-08-31,6203697
2026-08-31,6203702
2026-08-31,6203706
2026-08-31,6204698
2026-08-31,6205230
2026-08-31,6205322
2026-08-31,6206210
2026-08-31,6207739
2026-08-31,6207903
2026-08-31,6207908
2026-08-31,6217103
2026-08-31,6217104
2026-08-31,6217122
2026-08-31,6217352
2026-08-31,6226719
2026-08-31,6226745
2026-08-31,6226766
2026-08-31,6234143
2026-08-31,6240246
2026-08-31,6240796
2026-08-31,6241687
2026-08-31,6242134
2026-08-31,6242141
2026-08-31,6242145
2026-08-31,6242155
2026-08-31,6244037
2026-08-31,6244456
2026-08-31,6245051
2026-08-31,6245172
2026-08-31,6245173
2026-08-31,6245180
2026-08-31,6245181
2026-08-31,6245185
2026-08-31,6265228
2026-08-31,6265242
2026-08-31,6266313
2026-08-31,6268996
2026-08-31,6277000
2026-08-31,6277738
2026-08-31,6278003
2026-08-31,6278304
2026-08-31,6278369
2026-08-31,6280558
2026-08-31,6280637
2026-08-31,6283454
2026-08-31,6284052
2026-08-31,6284088
2026-08-31,6284532
2026-08-31,6284555
2026-08-31,6288677
2026-08-31,6288710
2026-08-31,6304247
2026-08-31,6304603
2026-08-31,6304626
2026-08-31,6304779
2026-08-31,6305363
2026-08-31,6306199
2026-08-31,6306621
2026-08-31,6306636
2026-08-31,6307602
2026-08-31,6307966
2026-08-31,6318551
2026-08-31,6320330
2026-08-31,6320423
2026-08-31,6320501
2026-08-31,6323476
2026-08-31,6323833
2026-08-31,6324332
2026-08-31,6325841
2026-08-31,6326247
2026-08-31,6338217
2026-08-31,6341269
2026-08-31,6341769
2026-08-31,6341936
2026-08-31,6341937
2026-08-31,6341959
2026-08-31,6344745
2026-08-31,6344763
2026-08-31,6344771
2026-08-31,6344775
2026-08-31,6346869
2026-08-31,6349492
2026-08-31,6354745
2026-08-31,6354853
2026-08-31,6355316
2026-08-31,6356441
2026-08-31,6356454
2026-08-31,6357545
2026-08-31,6357546
2026-08-31,6357548
2026-08-31,6359260
2026-08-31,6359852
2026-08-31,6378251
2026-08-31,6378295
2026-08-31,6378365
2026-08-31,6380064
2026-08-31,6381797
2026-08-31,6381878
2026-08-31,6381885
2026-08-31,6382786
2026-08-31,6382837
2026-08-31,6388791
2026-08-31,6396133
2026-08-31,6396797
2026-08-31,6396867
2026-08-31,6397017
2026-08-31,6397732
2026-08-31,6398145
2026-08-31,6399853
2026-08-31,6400321
2026-08-31,6401510
2026-08-31,6402284
2026-08-31,6414963
2026-08-31,6417943
2026-08-31,6419164
2026-08-31,6419275
2026-08-31,6424878
2026-08-31,6425687
2026-08-31,6425711
2026-08-31,6429014
2026-08-31,6429019
2026-08-31,6429021
2026-08-31,6429100
2026-08-31,6429317
2026-08-31,6429353
2026-08-31,6429386
2026-08-31,6430067
2026-08-31,6430315
2026-08-31,6430326
2026-08-31,6430354
2026-08-31,6430376
2026-08-31,6430420
2026-08-31,6430435
2026-08-31,6430490
2026-08-31,6431186
2026-08-31,6433165
2026-08-31,6435783
2026-08-31,6435835
2026-08-31,6435885
2026-08-31,6435913
2026-08-31,6436183
2026-08-31,6436377
2026-08-31,6462188
2026-08-31,6462242
2026-08-31,6462298
2026-08-31,6462358
2026-08-31,6462362
2026-08-31,6467434
2026-08-31,6467491
2026-08-31,6471775
2026-08-31,6471828
2026-08-31,6472025
2026-08-31,6472034
2026-08-31,6473805
2026-08-31,6475407
2026-08-31,6475423
2026-08-31,6475429
2026-08-31,6475479
2026-08-31,6476030
2026-08-31,6476051
2026-08-31,6476052
2026-08-31,6480389
2026-08-31,6492678
2026-08-31,6494527
2026-08-31,6498185
2026-08-31,6500115
2026-08-31,6500117
2026-08-31,6500123
2026-08-31,6500132
2026-08-31,6500139
2026-08-31,6500154
2026-08-31,6500295
2026-08-31,6501752
2026-08-31,6503832
2026-08-31,6503939
2026-08-31,6504004
2026-08-31,6504007
2026-08-31,6504423
2026-08-31,6505840
2026-08-31,6505841
2026-08-31,6506061
2026-08-31,6506255
2026-08-31,6506599
2026-08-31,6506608
2026-08-31,6516692
2026-08-31,6517379
2026-08-31,6517909
2026-08-31,6522808
2026-08-31,6528941
2026-08-31,6530892
2026-08-31,6531700
2026-08-31,6533528
2026-08-31,6534741
2026-08-31,6535094
2026-08-31,6535850
2026-08-31,6535992
2026-08-31,6536109
2026-08-31,6536122
2026-08-31,6537989
2026-08-31,6539072
2026-08-31,6539198
2026-08-31,6539734
2026-08-31,6573655
2026-08-31,6573669
2026-08-31,6574968
2026-08-31,6580102
2026-08-31,6580204
2026-08-31,6588835
2026-08-31,6588841
2026-08-31,6588843
2026-08-31,6588859
2026-08-31,6588861
2026-08-31,6590483
2026-08-31,6592299
2026-08-31,6592309
2026-08-31,6592376
2026-08-31,6592760
2026-08-31,6592783
2026-08-31,6592832
2026-08-31,6592958
2026-08-31,6593077
2026-08-31,6593194
2026-08-31,6593293
2026-08-31,6593400
2026-08-31,6593490
2026-08-31,6593888
2026-08-31,6594189
2026-08-31,6594394
2026-08-31,6594453
2026-08-31,6594497
2026-08-31,6594498
2026-08-31,6594500
2026-08-31,6594504
2026-08-31,6594524
2026-08-31,6594527
2026-08-31,6594682
2026-08-31,6595201
2026-08-31,6596590
2026-08-31,6596666
2026-08-31,6596682
2026-08-31,6596717
2026-08-31,6597122
2026-08-31,6597579
2026-08-31,6597757
2026-08-31,6598637
2026-08-31,6600629
2026-08-31,6602502
2026-08-31,6620526
2026-08-31,6623765
2026-08-31,6633320
2026-08-31,6634400
2026-08-31,6635489
2026-08-31,6635493
2026-08-31,6638262
2026-08-31,6638630
2026-08-31,6640841
2026-08-31,6640856
2026-08-31,6640893
2026-08-31,6643804
2026-08-31,6643813
2026-08-31,6643821
2026-08-31,6644176
2026-08-31,6662482
2026-08-31,6664347
2026-08-31,6665682
2026-08-31,6666346
2026-08-31,6666347
2026-08-31,6666350
2026-08-31,6666513
2026-08-31,6666525
2026-08-31,6667113
2026-08-31,6668143
2026-08-31,6670810
2026-08-31,6672806
2026-08-31,6673445
2026-08-31,6673449
2026-08-31,6673450
2026-08-31,6673662
2026-08-31,6673713
2026-08-31,6676066
2026-08-31,6676078
2026-08-31,6676184
2026-08-31,6676197
2026-08-31,6676500
2026-08-31,6676569
2026-08-31,6682421
2026-08-31,8127661
2026-09-14,0412313
2026-09-14,0483832
2026-09-14,1720457
2026-09-14,1762853
2026-09-14,1917828
2026-09-14,1918009
2026-09-14,203KFZL
2026-09-14,2044499
2026-09-14,206MMXC
2026-09-14,206RHRP
2026-09-14,206ZGTB
2026-09-14,209HPND
2026-09-14,209SPGN
2026-09-14,209VCCG
2026-09-14,209ZLVD
2026-09-14,210JQWV
2026-09-14,210KJYH
2026-09-14,211FDMV
2026-09-14,211LRNF
2026-09-14,211SMNL
2026-09-14,211WJZR
2026-09-14,211XZCW
2026-09-14,212CNQH
2026-09-14,212DCLY
2026-09-14,212GQYJ
2026-09-14,212KQNN
2026-09-14,212KTFN
2026-09-14,212KTGB
2026-09-14,212KTGP
2026-09-14,212KTGW
2026-09-14,212NBNW
2026-09-14,212PNNQ
2026-09-14,212PWLX
2026-09-14,212SGMP
2026-09-14,212TBBJ
2026-09-14,212TMRP
2026-09-14,212TTMY
2026-09-14,212VFFM
2026-09-14,212VFSH
2026-09-14,212VHNV
2026-09-14,212VHQM
2026-09-14,212VJMZ
2026-09-14,212VPVJ
2026-09-14,212VVRK
2026-09-14,212VWPJ
2026-09-14,212VWZB
2026-09-14,212VZWV
2026-09-14,212WWML
2026-09-14,212XKWS
2026-09-14,212XMPF
2026-09-14,212XRPX
2026-09-14,212XRYP
2026-09-14,212YFNC
2026-09-14,212YGKW
2026-09-14,212YSHJ
2026-09-14,212YYXJ
2026-09-14,212ZTTV
2026-09-14,212ZWZX
2026-09-14,212ZXLR
2026-09-14,213BKXW
2026-09-14,213BNCW
2026-09-14,213BXYF
2026-09-14,213BZVD
2026-09-14,213CFXN
2026-09-14,213CNNN
2026-09-14,213CXWS
2026-09-14,213DGMC
2026-09-14,213DLCX
2026-09-14,213DSTY
2026-09-14,213DZKN
2026-09-14,213FNHV
2026-09-14,213FYCY
2026-09-14,213GKRK
2026-09-14,213GSLK
2026-09-14,213HWHN
2026-09-14,213HYVJ
2026-09-14,213HZKR
2026-09-14,213JDZK
2026-09-14,213JFNQ
2026-09-14,213JGJC
2026-09-14,213JHBR
2026-09-14,213JKCV
2026-09-14,213JQRH
2026-09-14,213JTYS
2026-09-14,213KMPD
2026-09-14,213KRHN
2026-09-14,213KRVQ
2026-09-14,213KRZR
2026-09-14,213KYXL
2026-09-14,213KZPC
2026-09-14,213LJXG
2026-09-14,213MFZB
2026-09-14,213MHWR
2026-09-14,213MPFJ
2026-09-14,213MXST
2026-09-14,213NJDS
2026-09-14,213NKNB
2026-09-14,213NKSK
2026-09-14,213NLWS
2026-09-14,213NZPW
2026-09-14,213PCXM
2026-09-14,213PGVT
2026-09-14,213PGWH
2026-09-14,213PJFQ
2026-09-14,213PNPN
2026-09-14,213PQLQ
2026-09-14,213PXTH
2026-09-14,213PYBL
2026-09-14,213PYVN
2026-09-14,213QWNF
2026-09-14,213RDQL
2026-09-14,213RHHC
2026-09-14,213RHNB
2026-09-14,213RJZM
2026-09-14,213RPSJ
2026-09-14,213RSGT
2026-09-14,213RWQL
2026-09-14,213SDFG
2026-09-14,213SGGN
2026-09-14,213TQGZ
2026-09-14,213TQNJ
2026-09-14,213VGNP
2026-09-14,213VHQM
2026-09-14,213VJXT
2026-09-14,213VKSB
2026-09-14,2393226
2026-09-14,2395866
2026-09-14,2427340
2026-09-14,2849107
2026-09-14,3559396
2026-09-14,3646938
2026-09-14,3851440
2026-09-14,3858563
2026-09-14,4066275
2026-09-14,4130233
2026-09-14,4208880
2026-09-14,4341771
2026-09-14,4397173
2026-09-14,4398493
2026-09-14,4490251
2026-09-14,4519882
2026-09-14,4570642
2026-09-14,4587914
2026-09-14,4607015
2026-09-14,4630614
2026-09-14,4632418
2026-09-14,4634529
2026-09-14,4710200
2026-09-14,4746841
2026-09-14,4758998
2026-09-14,4782396
2026-09-14,4893651
2026-09-14,4954940
2026-09-14,5079403
2026-09-14,5131291
2026-09-14,5142025
2026-09-14,5155945
2026-09-14,5202950
2026-09-14,5203120
2026-09-14,5356015
2026-09-14,5358215
2026-09-14,5362340
2026-09-14,5397637
2026-09-14,5433976
2026-09-14,5489895
2026-09-14,5489909
2026-09-14,5503391
2026-09-14,5506322
2026-09-14,5519282
2026-09-14,5548247
2026-09-14,5557655
2026-09-14,5594315
2026-09-14,5596957
2026-09-14,5614638
2026-09-14,5629286
2026-09-14,5629962
2026-09-14,5634001
2026-09-14,5665425
2026-09-14,5665612
2026-09-14,5665839
2026-09-14,5671632
2026-09-14,5671775
2026-09-14,5690333
2026-09-14,5707600
2026-09-14,5739442
2026-09-14,5739448
2026-09-14,5777981
2026-09-14,5778447
2026-09-14,5791510
2026-09-14,5833007
2026-09-14,5882452
2026-09-14,5885391
2026-09-14,5930010
2026-09-14,5942873
2026-09-14,5953750
2026-09-14,5959862
2026-09-14,5959875
2026-09-14,6018097
2026-09-14,6079320
2026-09-14,6085528
2026-09-14,6088727
2026-09-14,6088740
2026-09-14,6108513
2026-09-14,6138570
2026-09-14,6138601
2026-09-14,6142055
2026-09-14,6149512
2026-09-14,6181714
2026-09-14,6183228
2026-09-14,6202157
2026-09-14,6203697
2026-09-14,6203702
2026-09-14,6203706
2026-09-14,6278304
2026-09-14,6284052
2026-09-14,6284088
2026-09-14,6304779
2026-09-14,6306621
2026-09-14,6306636
2026-09-14,6325841
2026-09-14,6341937
2026-09-14,6341959
2026-09-14,6354745
2026-09-14,6381797
2026-09-14,6401510
2026-09-14,6429386
2026-09-14,6430376
2026-09-14,6430420
2026-09-14,6462362
2026-09-14,6472034
2026-09-14,6476052
2026-09-14,6500115
2026-09-14,6500139
2026-09-14,6500295
2026-09-14,6504423
2026-09-14,6506061
2026-09-14,6516692
2026-09-14,6530892
2026-09-14,6534741
2026-09-14,6535850
2026-09-14,6539072
2026-09-14,6573655
2026-09-14,6573669
2026-09-14,6588835
2026-09-14,6588841
2026-09-14,6588843
2026-09-14,6588859
2026-09-14,6588861
2026-09-14,6592760
2026-09-14,6592783
2026-09-14,6592832
2026-09-14,6592958
2026-09-14,6593077
2026-09-14,6593194
2026-09-14,6593293
2026-09-14,6593400
2026-09-14,6593490
2026-09-14,6593888
2026-09-14,6594189
2026-09-14,6594394
2026-09-14,6594453
2026-09-14,6594497
2026-09-14,6594498
2026-09-14,6594500
2026-09-14,6594504
2026-09-14,6594524
2026-09-14,6594527
2026-09-14,6594682
2026-09-14,6596682
2026-09-14,6597122
2026-09-14,6597579
2026-09-14,6597757
2026-09-14,6620526
2026-09-14,6633320
2026-09-14,6634400
2026-09-14,6662482
2026-09-14,6666347
2026-09-14,6666513
2026-09-14,6670810
2026-09-14,6672806
2026-09-14,6673445
2026-09-14,6676569
2026-09-14,6698489
2026-09-14,6706052
2026-09-14,6706903
2026-09-14,6707125
2026-09-14,6707131
2026-09-14,6723163
2026-09-14,6735025
2026-09-14,6736123
2026-09-14,6738146
2026-09-14,6738719
2026-09-14,6739220
2026-09-14,6739395
2026-09-14,6739601
2026-09-14,6744489
2026-09-14,6748181
2026-09-14,6748212
2026-09-14,6751921
2026-09-14,6763114
2026-09-14,6763133
2026-09-14,6764798
2026-09-14,6765989
2026-09-14,6768716
2026-09-14,6768789
2026-09-14,6776527
2026-09-14,6776896
2026-09-14,6779216
2026-09-14,6782125
2026-09-14,6796497
2026-09-14,6796850
2026-09-14,6796910
2026-09-14,6799647
2026-09-14,6805355
2026-09-14,6805589
2026-09-14,6805827
2026-09-14,6805997
2026-09-14,6806824
2026-09-14,6807597
2026-09-14,6807949
2026-09-14,6808016
2026-09-14,6808029
2026-09-14,6808065
2026-09-14,6808096
2026-09-14,6808144
2026-09-14,6808147
2026-09-14,6808187
2026-09-14,6808189
2026-09-14,6808190
2026-09-14,6808201
2026-09-14,6810463
2026-09-14,6811331
2026-09-14,6824350
2026-09-14,6824358
2026-09-14,6824368
2026-09-14,6824372
2026-09-14,6824378
2026-09-14,6824393
2026-09-14,6824464
2026-09-14,6824504
2026-09-14,6824522
2026-09-14,6824537
2026-09-14,6824564
2026-09-14,6824569
2026-09-14,6824602
2026-09-14,6824604
2026-09-14,6824616
2026-09-14,6824671
2026-09-14,6824688
2026-09-14,6824705
2026-09-14,6824708
2026-09-14,6824727
2026-09-14,6824747
2026-09-14,6824778
2026-09-14,6824783
2026-09-14,6824838
2026-09-14,6824850
2026-09-14,6824863
2026-09-14,6824866
2026-09-14,6824899
2026-09-14,6824901
2026-09-14,6824922
2026-09-14,6824924
2026-09-14,6824930
2026-09-14,6824939
2026-09-14,6824957
2026-09-14,6824975
2026-09-14,6824998
2026-09-14,6825013
2026-09-14,6825029
2026-09-14,6825036
2026-09-14,6825046
2026-09-14,6825058
2026-09-14,6825059
2026-09-14,6825061
2026-09-14,6825069
2026-09-14,6825092
2026-09-14,6825096
2026-09-14,6825099
2026-09-14,6825108
2026-09-14,6825113
2026-09-14,6825115
2026-09-14,6825158
2026-09-14,6825168
2026-09-14,6825175
2026-09-14,6825182
2026-09-14,6825188
2026-09-14,6825198
2026-09-14,6825246
2026-09-14,6825250
2026-09-14,6825255
2026-09-14,6825257
2026-09-14,6825272
2026-09-14,6825278
2026-09-14,6825283
2026-09-14,6825289
2026-09-14,6825299
2026-09-14,6825309
2026-09-14,6825311
2026-09-14,6825313
2026-09-14,6825320
2026-09-14,6825321
2026-09-14,6825324
2026-09-14,6825326
2026-09-14,6825329
2026-09-14,6825343
2026-09-14,6825346
2026-09-14,6825358
2026-09-14,6825400
2026-09-14,6825403
2026-09-14,6825417
2026-09-14,6825440
2026-09-14,6825465
2026-09-14,6825468
2026-09-14,6825470
2026-09-14,6825475
2026-09-14,6825486
2026-09-14,6825493
2026-09-14,6825495
2026-09-14,6825504
2026-09-14,6825518
2026-09-14,6825539
2026-09-14,6825548
2026-09-14,6825581
2026-09-14,6825584
2026-09-14,6825591
2026-09-14,6825601
2026-09-14,6825632
2026-09-14,6825663
2026-09-14,6825670
2026-09-14,6825687
2026-09-14,6825706
2026-09-14,6825707
2026-09-14,6825747
2026-09-14,6825763
2026-09-14,6825767
2026-09-14,6825772
2026-09-14,6825775
2026-09-14,6825779
2026-09-14,6825796
2026-09-14,6825828
2026-09-14,6825840
2026-09-14,6825848
2026-09-14,6825856
2026-09-14,6825857
2026-09-14,6825866
2026-09-14,6825877
2026-09-14,6825883
2026-09-14,6825895
2026-09-14,6825910
2026-09-14,6828734
2026-09-14,6830120
2026-09-14,6845496
2026-09-14,6845502
2026-09-14,6845506
2026-09-14,6845522
2026-09-14,6845526
2026-09-14,6845530
2026-09-14,6845541
2026-09-14,6845555
2026-09-14,6845578
2026-09-14,6845587
2026-09-14,6845593
2026-09-14,6845598
2026-09-14,6845629
2026-09-14,6845633
2026-09-14,6845648
2026-09-14,6845651
2026-09-14,6845661
2026-09-14,6845663
2026-09-14,6845668
2026-09-14,6845703
2026-09-14,6845708
2026-09-14,6845733
2026-09-14,6845838
2026-09-14,6846218
2026-09-14,6846861
2026-09-14,6846888
2026-09-14,6847077
2026-09-14,6847678
2026-09-14,6849635
2026-09-14,6849654
2026-09-14,6849667
2026-09-14,6849711
2026-09-14,6849738
2026-09-14,6849740
2026-09-14,6849752
2026-09-14,6849758
2026-09-14,6849775
2026-09-14,6850120
2026-09-14,6851490
2026-09-14,6856579
2026-09-14,6856620
2026-09-14,6856668
2026-09-14,6858624
2026-09-14,6860448
2026-09-14,6860449
2026-09-14,6864800
2026-09-14,6864837
2026-09-14,6864894
2026-09-21,1720457
2026-09-21,1762853
2026-09-21,1917828
2026-09-21,1918009
2026-09-21,2044499
2026-09-21,206MMXC
2026-09-21,206ZGTB
2026-09-21,209HPND
2026-09-21,209SPGN
2026-09-21,209VCCG
2026-09-21,209ZLVD
2026-09-21,210JQWV
2026-09-21,210KJYH
2026-09-21,211FDMV
2026-09-21,211LRNF
2026-09-21,211SMNL
2026-09-21,211WJZR
2026-09-21,212CNQH
2026-09-21,212GQYJ
2026-09-21,212KQNN
2026-09-21,212NBNW
2026-09-21,212VHNV
2026-09-21,212VHQM
2026-09-21,212VPVJ
2026-09-21,212VWPJ
2026-09-21,212VWZB
2026-09-21,212VZWV
2026-09-21,212WWML
2026-09-21,212XRYP
2026-09-21,212YGKW
2026-09-21,212ZTTV
2026-09-21,212ZWZX
2026-09-21,212ZXLR
2026-09-21,213BNCW
2026-09-21,213BZVD
2026-09-21,213CXWS
2026-09-21,213DLCX
2026-09-21,213DSTY
2026-09-21,213DZKN
2026-09-21,213FNHV
2026-09-21,213FYCY
2026-09-21,213GKRK
2026-09-21,213GSLK
2026-09-21,213HYVJ
2026-09-21,213HZKR
2026-09-21,213JFNQ
2026-09-21,213JGJC
2026-09-21,213JHBR
2026-09-21,213JKCV
2026-09-21,213JQRH
2026-09-21,213JTYS
2026-09-21,213KMPD
2026-09-21,213KRHN
2026-09-21,213KRVQ
2026-09-21,213KRZR
2026-09-21,213KYXL
2026-09-21,213KZPC
2026-09-21,213LJXG
2026-09-21,213MFZB
2026-09-21,213MPFJ
2026-09-21,213MXST
2026-09-21,213NJDS
2026-09-21,213NKNB
2026-09-21,213NLWS
2026-09-21,213NZPW
2026-09-21,213PCXM
2026-09-21,213PGVT
2026-09-21,213PGWH
2026-09-21,213PJFQ
2026-09-21,213PNPN
2026-09-21,213PQLQ
2026-09-21,213PXTH
2026-09-21,213PYBL
2026-09-21,213PYVN
2026-09-21,213QBYH
2026-09-21,213QWNF
2026-09-21,213RDQL
2026-09-21,213RHHC
2026-09-21,213RHNB
2026-09-21,213RJZM
2026-09-21,213RPSJ
2026-09-21,213RSGT
2026-09-21,213RWQL
2026-09-21,213SDFG
2026-09-21,213SGGN
2026-09-21,213SGQN
2026-09-21,213TQNJ
2026-09-21,213VGNP
2026-09-21,213VHQM
2026-09-21,213VJXT
2026-09-21,213VKSB
2026-09-21,213VRGQ
2026-09-21,213WDCG
2026-09-21,213WKKD
2026-09-21,213WLDM
2026-09-21,213WSHL
2026-09-21,213WVXK
2026-09-21,213WZBW
2026-09-21,213XBBV
2026-09-21,213XBLJ
2026-09-21,213XHZP
2026-09-21,213XQQK
2026-09-21,213XZMP
2026-09-21,213XZSD
2026-09-21,213YLXY
2026-09-21,213YXSB
2026-09-21,213ZBSN
2026-09-21,213ZBSX
2026-09-21,213ZDBT
2026-09-21,213ZDYN
2026-09-21,213ZHZZ
2026-09-21,213ZPBR
2026-09-21,213ZQPN
2026-09-21,213ZRGY
2026-09-21,213ZSWV
2026-09-21,213ZWJM
2026-09-21,213ZWNK
2026-09-21,213ZXHW
2026-09-21,213ZXWN
2026-09-21,213ZYMS
2026-09-21,214BDNQ
2026-09-21,214BFGN
2026-09-21,214BKTY
2026-09-21,214BMKG
2026-09-21,214BQVT
2026-09-21,214BTWK
2026-09-21,214CNVZ
2026-09-21,214CRWD
2026-09-21,214DDWD
2026-09-21,214DKKC
2026-09-21,214DLKB
2026-09-21,214FCRQ
2026-09-21,214FNQG
2026-09-21,214FWMR
2026-09-21,214FZXY
2026-09-21,214GFCW
2026-09-21,214GVTT
2026-09-21,214GWTX
2026-09-21,214GYND
2026-09-21,214HNZF
2026-09-21,214HYLZ
2026-09-21,214JKRL
2026-09-21,214JMGC
2026-09-21,214JPBP
2026-09-21,214JRZW
2026-09-21,214JYHS
2026-09-21,214JYXZ
2026-09-21,214KHSJ
2026-09-21,214KJJQ
2026-09-21,214KJSS
2026-09-21,214KMXS
2026-09-21,214KRBH
2026-09-21,214KRGN
2026-09-21,214LGFL
2026-09-21,2393226
2026-09-21,2395866
2026-09-21,2427340
2026-09-21,2849107
2026-09-21,3559396
2026-09-21,3646938
2026-09-21,3851440
2026-09-21,3858563
2026-09-21,4066275
2026-09-21,4130233
2026-09-21,4208880
2026-09-21,4341771
2026-09-21,4397173
2026-09-21,4398050
2026-09-21,4398493
2026-09-21,4519882
2026-09-21,4570642
2026-09-21,4587914
2026-09-21,4607015
2026-09-21,4630614
2026-09-21,4632418
2026-09-21,4634529
2026-09-21,4710200
2026-09-21,4746841
2026-09-21,4782396
2026-09-21,4893651
2026-09-21,4954940
2026-09-21,5079403
2026-09-21,5131291
2026-09-21,5155945
2026-09-21,5203120
2026-09-21,5356015
2026-09-21,5358215
2026-09-21,5362340
2026-09-21,5397637
2026-09-21,5433976
2026-09-21,5489895
2026-09-21,5489909
2026-09-21,5503391
2026-09-21,5506322
2026-09-21,5519282
2026-09-21,5548247
2026-09-21,5557655
2026-09-21,5594315
2026-09-21,5596957
2026-09-21,5614638
2026-09-21,5629286
2026-09-21,5629962
2026-09-21,5634001
2026-09-21,5665425
2026-09-21,5665839
2026-09-21,5671632
2026-09-21,5671775
2026-09-21,5690333
2026-09-21,5707600
2026-09-21,5739442
2026-09-21,5739448
2026-09-21,5778447
2026-09-21,5791510
2026-09-21,5833007
2026-09-21,5882452
2026-09-21,5885391
2026-09-21,5930010
2026-09-21,5953750
2026-09-21,5959862
2026-09-21,5959875
2026-09-21,6018097
2026-09-21,6085528
2026-09-21,6108513
2026-09-21,6138570
2026-09-21,6138601
2026-09-21,6142055
2026-09-21,6181714
2026-09-21,6202157
2026-09-21,6203697
2026-09-21,6278304
2026-09-21,6284052
2026-09-21,6284088
2026-09-21,6306621
2026-09-21,6306636
2026-09-21,6325841
2026-09-21,6341937
2026-09-21,6354745
2026-09-21,6381797
2026-09-21,6401510
2026-09-21,6429386
2026-09-21,6430376
2026-09-21,6430420
2026-09-21,6472034
2026-09-21,6476052
2026-09-21,6500115
2026-09-21,6500139
2026-09-21,6500295
2026-09-21,6504423
2026-09-21,6506061
2026-09-21,6516692
2026-09-21,6530892
2026-09-21,6534741
2026-09-21,6535850
2026-09-21,6539072
2026-09-21,6573655
2026-09-21,6573669
2026-09-21,6588835
2026-09-21,6588841
2026-09-21,6588843
2026-09-21,6588859
2026-09-21,6588861
2026-09-21,6596682
2026-09-21,6597122
2026-09-21,6597579
2026-09-21,6597757
2026-09-21,6620526
2026-09-21,6634400
2026-09-21,6666347
2026-09-21,6666513
2026-09-21,6673445
2026-09-21,6676569
2026-09-21,6698489
2026-09-21,6706052
2026-09-21,6706903
2026-09-21,6707125
2026-09-21,6707131
2026-09-21,6723163
2026-09-21,6735025
2026-09-21,6736123
2026-09-21,6738146
2026-09-21,6738719
2026-09-21,6739395
2026-09-21,6744489
2026-09-21,6748181
2026-09-21,6748212
2026-09-21,6751921
2026-09-21,6764798
2026-09-21,6765989
2026-09-21,6768789
2026-09-21,6776527
2026-09-21,6776896
2026-09-21,6782125
2026-09-21,6796497
2026-09-21,6796850
2026-09-21,6796910
2026-09-21,6799647
2026-09-21,6805355
2026-09-21,6805589
2026-09-21,6805827
2026-09-21,6805997
2026-09-21,6806824
2026-09-21,6807597
2026-09-21,6807949
2026-09-21,6808016
2026-09-21,6808029
2026-09-21,6810463
2026-09-21,6811331
2026-09-21,6824350
2026-09-21,6824464
2026-09-21,6824504
2026-09-21,6824537
2026-09-21,6824564
2026-09-21,6824602
2026-09-21,6824604
2026-09-21,6824616
2026-09-21,6824708
2026-09-21,6824747
2026-09-21,6824783
2026-09-21,6824838
2026-09-21,6824850
2026-09-21,6824899
2026-09-21,6824998
2026-09-21,6825036
2026-09-21,6825092
2026-09-21,6825096
2026-09-21,6825113
2026-09-21,6825168
2026-09-21,6825182
2026-09-21,6825246
2026-09-21,6825250
2026-09-21,6825257
2026-09-21,6825278
2026-09-21,6825311
2026-09-21,6825313
2026-09-21,6825346
2026-09-21,6825403
2026-09-21,6825417
2026-09-21,6825518
2026-09-21,6825581
2026-09-21,6825632
2026-09-21,6825670
2026-09-21,6825767
2026-09-21,6825796
2026-09-21,6825840
2026-09-21,6825856
2026-09-21,6825857
2026-09-21,6825866
2026-09-21,6825895
2026-09-21,6845502
2026-09-21,6845555
2026-09-21,6845578
2026-09-21,6845587
2026-09-21,6845593
2026-09-21,6845663
2026-09-21,6845668
2026-09-21,6845733
2026-09-21,6845838
2026-09-21,6846218
2026-09-21,6846888
2026-09-21,6851490
2026-09-21,6860448
2026-09-21,6860449
2026-09-21,6881922
2026-09-21,6881935
2026-09-21,6881966
2026-09-21,6882572
2026-09-21,6882580
2026-09-21,6882609
2026-09-21,6882763
2026-09-21,6882773
2026-09-21,6884108
2026-09-21,6884307
2026-09-21,6884475
2026-09-21,6884528
2026-09-21,6892543
2026-09-21,6893112
2026-09-21,6895068
2026-09-21,6895202
2026-09-21,6895247
2026-09-21,6895342
2026-09-21,6895539
2026-09-21,6899741
2026-09-21,6900265
2026-09-21,6907962
2026-09-21,6927249
2026-09-21,6927310
2026-09-21,6927327
2026-09-21,6927341
2026-09-21,6927346
2026-09-21,6927354
2026-09-21,6927400
2026-09-21,6927411
2026-09-21,6927427
2026-09-21,6927441
2026-09-21,6927449
2026-09-21,6927903
2026-09-21,6930166
2026-09-21,6933002
2026-09-21,6936567
2026-09-21,6940850
2026-09-21,6942586
2026-09-21,6942595
2026-09-21,6942601
2026-09-21,6945770
2026-09-21,6945874
2026-09-21,6945908
2026-09-21,6961788
2026-09-21,6961800
2026-09-21,6961801
2026-09-21,6961803
2026-09-21,6961806
2026-09-21,6961807
2026-09-21,6961808
2026-09-21,6961809
2026-09-21,6961825
2026-09-21,6961828
2026-09-21,6961854
2026-09-21,6961859
2026-09-21,6961870
2026-09-21,6961881
2026-09-21,6961890
2026-09-21,6961893
2026-09-21,6961895
2026-09-21,6961897
2026-09-21,6961903
2026-09-21,6961906
2026-09-21,6961915
2026-09-21,6961916
2026-09-21,6961922
2026-09-21,6961941
2026-09-21,6962498
2026-09-21,6963447
2026-09-21,6963476
2026-09-21,6963729
2026-09-21,6963857
2026-09-21,6963912
2026-09-21,6964049
2026-09-21,6964122
2026-09-21,6964164
2026-09-21,6965543
2026-09-21,6965852
2026-09-21,6966283
2026-09-21,6966339
2026-09-21,6966622
2026-09-21,6966760
2026-09-21,6969542
2026-09-21,6969657
2026-09-21,6969740
2026-09-21,6969790
2026-09-21,6971328
2026-09-21,6971356
2026-09-21,6971396
2026-09-21,6972462
2026-09-21,6985698
2026-09-21,6985726
2026-09-21,6985740
2026-09-21,6985753
2026-09-21,6985781
2026-09-21,6985785
2026-09-21,6985794
2026-09-21,6985818
2026-09-21,6985821
2026-09-21,6985825
2026-09-21,6985844
2026-09-21,6985848
2026-09-21,6985856
2026-09-21,6985859
2026-09-21,6985864
2026-09-21,6985866
2026-09-21,6985869
2026-09-21,6985878
2026-09-21,6985891
2026-09-21,6985913
2026-09-21,6985916
2026-09-21,6986394
2026-09-21,6987607
2026-09-21,6989857
2026-09-21,6994628
2026-09-21,6995480
2026-09-21,6997390
2026-09-21,6997394
2026-09-21,7006699
2026-09-21,7007039
2026-09-21,7009000
2026-09-21,7009229
2026-09-21,7009381
2026-09-21,7010846
2026-09-21,7010857
2026-09-21,7011134
2026-09-21,7011489
2026-09-21,7011508
2026-09-21,7011604
2026-09-21,7011789
2026-09-21,7011812
2026-09-21,7012638
2026-09-21,7012707
2026-09-21,7013555
2026-09-21,7030255
2026-09-21,7030259
2026-09-21,7030267
2026-09-21,7030277
2026-09-21,7030280
2026-09-21,7030294
2026-09-21,7030298
2026-09-21,7030300
2026-09-21,7030327
2026-09-21,7030333
2026-09-21,7030337
2026-09-21,7030340
2026-09-21,7030353
2026-09-21,7030359
2026-09-21,7030364
2026-09-21,7030366
2026-09-21,7030368
2026-09-21,7030402
2026-09-21,7030425
2026-09-21,7030449
2026-09-21,7030878
2026-09-21,7033477
2026-09-21,7034553
2026-09-21,7036492
2026-09-21,7036548
2026-09-21,7036561
2026-09-21,7036727
2026-09-21,7043038
2026-09-21,7044095
2026-09-21,7044118
2026-09-21,7046286
2026-09-21,7047022
2026-09-21,7047099
2026-09-21,7052393
2026-09-21,7052394
2026-09-21,7052396
2026-09-21,7053868
2026-09-21,7053931
2026-09-21,7054118
2026-09-21,7054131
2026-09-21,7054170
2026-09-21,7054290
2026-09-21,7054458
2026-09-21,7054537
2026-09-21,7054549
2026-09-21,7054616
2026-09-21,7054719
2026-09-21,7054750
2026-09-21,7055039
2026-09-21,7055047
2026-09-21,7058148
2026-09-21,7059575
2026-09-21,7059674
2026-09-21,7059716
2026-09-21,7059875
2026-09-21,7059878
2026-09-21,7060916
2026-09-21,7061058
2026-09-21,7061059
2026-09-21,7061064
2026-09-21,7062851
2026-09-21,7074083
2026-09-21,7091378
2026-09-21,7091474
2026-09-21,7092812
2026-09-21,7092821
2026-09-21,7092831
2026-09-21,7092837
2026-09-21,7092849
2026-09-21,7092873
2026-09-21,7092876
2026-09-21,7092891
2026-09-21,7092897
2026-09-21,7092904
2026-09-21,7092916
2026-09-21,7092940
2026-09-21,7092949
2026-09-21,7093013
2026-09-21,7093130
2026-09-21,7093146
2026-09-21,7093155
2026-09-21,7093156
2026-09-21,7093159
2026-09-21,7094087
2026-09-21,7094931
2026-09-21,7095009
2026-09-21,7099545
2026-09-21,7100250
2026-09-21,7104361
2026-09-21,7106382
2026-09-21,7107630
2026-09-21,7107739
2026-09-21,7107740
2026-09-21,7107802
2026-09-21,7112288
2026-09-21,7112580
2026-09-21,7112769
2026-09-21,7112830
2026-09-21,7113013
2026-09-21,7115113
2026-09-21,7115115
2026-09-21,7115186
2026-09-21,7115387
2026-09-21,7117698
2026-09-21,7117776
2026-09-21,7125916
2026-09-21,7125918
2026-09-21,7125920
2026-09-21,7125937
2026-09-21,7125940
2026-09-21,7125951
2026-09-21,7125952
2026-09-21,7125960
2026-09-21,7125974
2026-09-21,7125980
2026-09-21,7125996
2026-09-21,7125997
2026-09-21,7126027
2026-09-21,7126046
2026-09-21,7132268
2026-09-21,7132290
2026-09-21,7133079
2026-09-21,7133120
2026-09-21,7133789
2026-09-21,7134457
2026-09-21,7134463
2026-09-21,7136792
2026-09-21,7148881
2026-09-21,7150277
2026-09-21,7151984
2026-09-21,7153919
2026-09-21,7155643
2026-09-21,7155675
2026-09-21,7155898
2026-09-21,7157103
2026-09-21,7160488
2026-09-21,7160521
2026-09-21,7160577
2026-09-21,7161743
2026-09-21,7161746
2026-09-21,7161766
2026-09-21,7161768
2026-09-21,7161775
2026-09-21,7161800
2026-09-21,7161806
2026-09-21,7161821
2026-09-21,7161842
2026-09-21,7161844
2026-09-21,7161847
2026-09-21,7161875
2026-09-21,7161881
2026-09-21,7161882
2026-09-21,7161911
2026-09-21,7161923
2026-09-21,7163062
2026-09-21,7163085
2026-09-21,7164229
2026-09-21,7165124
2026-09-21,7165127
2026-09-21,7165131
2026-09-21,7165144
2026-09-21,7166188
2026-09-21,7168308
2026-09-21,7345557
2026-09-21,7348004
2026-09-21,7348015
2026-09-21,7348338
2026-09-21,7349234
2026-09-21,7349241
2026-09-21,7349473
2026-09-21,7349697
2026-09-21,7349932
2026-09-21,7350094
2026-09-21,7350112
2026-09-21,7352134
2026-09-21,7352452
2026-09-21,7352565
2026-09-21,7352829
2026-09-21,7352860
2026-09-21,7354644
2026-09-21,7378572
2026-09-21,7378598
2026-09-21,7378602
2026-09-21,7378609
2026-09-21,7379890
2026-09-21,7379895
2026-09-21,7379902
2026-09-21,7379908
2026-09-21,7379913
2026-09-21,7379916
2026-09-21,7379921
2026-09-21,7379979
2026-09-21,7379989
2026-09-21,7379990
2026-09-21,7380000
2026-09-21,7380021
2026-09-21,7380024
2026-09-21,7380936
2026-09-21,7385974
2026-09-21,7385978
2026-09-21,7386823
2026-09-21,7387697
2026-09-21,7395306
2026-09-21,7395539
2026-09-21,7397819
2026-09-21,7398576
2026-09-21,7400535
2026-09-21,7400558
2026-09-21,7400923
2026-09-21,7402743
2026-09-21,7402761
2026-09-21,7402851
2026-09-21,7402856
2026-09-21,7403192
2026-09-21,7403201
2026-09-21,7403326
2026-09-21,7403719
2026-09-21,7403772
2026-09-21,7404112
2026-09-21,7404568
2026-09-21,7405940
2026-09-21,7406395
2026-09-21,7406839
2026-09-21,7406840
2026-09-21,7406873
2026-09-21,7420780
2026-09-21,7421721
2026-09-21,7421743
2026-09-21,7421752
2026-09-21,7421764
2026-09-21,7421783
2026-09-21,7421802
2026-09-21,7421807
2026-09-21,7421809
2026-09-21,7421816
2026-09-21,7421833
2026-09-21,7421837
2026-09-21,7421861
2026-09-21,7421863
2026-09-21,7422538
2026-09-21,7422604
2026-09-21,7422613
2026-09-21,7423181
2026-09-21,7425081
2026-09-21,7425806
2026-09-21,7425825
2026-09-21,7425839
2026-09-21,7425846
2026-09-21,7425869
2026-09-21,7426003
2026-09-28,1045772
2026-09-28,1474166
2026-09-28,1720457
2026-09-28,1762853
2026-09-28,1917828
2026-09-28,1918009
2026-09-28,2044499
2026-09-28,206MMXC
2026-09-28,206ZGTB
2026-09-28,209SPGN
2026-09-28,209VCCG
2026-09-28,210JQWV
2026-09-28,211FDMV
2026-09-28,211LRNF
2026-09-28,211WJZR
2026-09-28,212KQNN
2026-09-28,212ZXLR
2026-09-28,213CXWS
2026-09-28,213DLCX
2026-09-28,213FNHV
2026-09-28,213GSLK
2026-09-28,213JFNQ
2026-09-28,213JGJC
2026-09-28,213JHBR
2026-09-28,213JKCV
2026-09-28,213JTYS
2026-09-28,213KMPD
2026-09-28,213KRHN
2026-09-28,213LJXG
2026-09-28,213MFZB
2026-09-28,213MXST
2026-09-28,213NJDS
2026-09-28,213NKNB
2026-09-28,213NLWS
2026-09-28,213NZPW
2026-09-28,213PCXM
2026-09-28,213PGVT
2026-09-28,213PGWH
2026-09-28,213PJFQ
2026-09-28,213PNPN
2026-09-28,213PQLQ
2026-09-28,213PXTH
2026-09-28,213PYBL
2026-09-28,213PYVN
2026-09-28,213QBYH
2026-09-28,213QWNF
2026-09-28,213RHHC
2026-09-28,213RHNB
2026-09-28,213RJZM
2026-09-28,213RPSJ
2026-09-28,213RSGT
2026-09-28,213RWQL
2026-09-28,213SGGN
2026-09-28,213SGQN
2026-09-28,213TQNJ
2026-09-28,213VGNP
2026-09-28,213VJXT
2026-09-28,213WKKD
2026-09-28,213WLDM
2026-09-28,213WSHL
2026-09-28,213WZBW
2026-09-28,213XBBV
2026-09-28,213XZMP
2026-09-28,213XZSD
2026-09-28,213YLXY
2026-09-28,213YXSB
2026-09-28,213ZBSX
2026-09-28,213ZDBT
2026-09-28,213ZDYN
2026-09-28,213ZHZZ
2026-09-28,213ZPBR
2026-09-28,213ZRGY
2026-09-28,213ZWJM
2026-09-28,213ZWNK
2026-09-28,213ZXHW
2026-09-28,213ZXWN
2026-09-28,213ZYMS
2026-09-28,214BFGN
2026-09-28,214BKTY
2026-09-28,214BMKG
2026-09-28,214BQVT
2026-09-28,214BTWK
2026-09-28,214CRWD
2026-09-28,214DDWD
2026-09-28,214DLKB
2026-09-28,214FCRQ
2026-09-28,214FNQG
2026-09-28,214FWMR
2026-09-28,214FZXY
2026-09-28,214GFCW
2026-09-28,214GVTT
2026-09-28,214GWTX
2026-09-28,214GYND
2026-09-28,214HNZF
2026-09-28,214HYLZ
2026-09-28,214JKRL
2026-09-28,214JLWY
2026-09-28,214JMGC
2026-09-28,214JPBP
2026-09-28,214JRZW
2026-09-28,214JYBN
2026-09-28,214JYHS
2026-09-28,214JYXZ
2026-09-28,214KHSJ
2026-09-28,214KJJQ
2026-09-28,214KJSS
2026-09-28,214KMXS
2026-09-28,214KRBH
2026-09-28,214KRGN
2026-09-28,214KTWX
2026-09-28,214KZQF
2026-09-28,214LGFL
2026-09-28,214LMTM
2026-09-28,214LZHS
2026-09-28,214MJKS
2026-09-28,2393226
2026-09-28,2395866
2026-09-28,2403720
2026-09-28,2427340
2026-09-28,2653953
2026-09-28,2654034
2026-09-28,2849107
2026-09-28,2899517
2026-09-28,2905392
2026-09-28,2985865
2026-09-28,3154825
2026-09-28,3219430
2026-09-28,3227466
2026-09-28,3346343
2026-09-28,3440266
2026-09-28,3444184
2026-09-28,3553263
2026-09-28,3559396
2026-09-28,3646938
2026-09-28,3659355
2026-09-28,3752185
2026-09-28,3850813
2026-09-28,3851440
2026-09-28,3858563
2026-09-28,3880348
2026-09-28,3953492
2026-09-28,3953552
2026-09-28,3998900
2026-09-28,4027455
2026-09-28,4054060
2026-09-28,4066275
2026-09-28,4130233
2026-09-28,4196276
2026-09-28,4341771
2026-09-28,4396894
2026-09-28,4397173
2026-09-28,4398050
2026-09-28,4398493
2026-09-28,4462715
2026-09-28,4491635
2026-09-28,4506410
2026-09-28,4507696
2026-09-28,4570642
2026-09-28,4587914
2026-09-28,4630614
2026-09-28,4634529
2026-09-28,4646821
2026-09-28,4655256
2026-09-28,4655816
2026-09-28,4710200
2026-09-28,4710483
2026-09-28,4724749
2026-09-28,4746841
2026-09-28,4772944
2026-09-28,4782396
2026-09-28,4790580
2026-09-28,4883481
2026-09-28,4893651
2026-09-28,5006247
2026-09-28,5031587
2026-09-28,5040821
2026-09-28,5042246
2026-09-28,5081620
2026-09-28,5131291
2026-09-28,5133836
2026-09-28,5155945
2026-09-28,5193283
2026-09-28,5199834
2026-09-28,5202959
2026-09-28,5203120
2026-09-28,5207153
2026-09-28,5218230
2026-09-28,5225293
2026-09-28,5336984
2026-09-28,5340926
2026-09-28,5362340
2026-09-28,5397637
2026-09-28,5433938
2026-09-28,5433976
2026-09-28,5462392
2026-09-28,5489895
2026-09-28,5489909
2026-09-28,5496058
2026-09-28,5503391
2026-09-28,5506322
2026-09-28,5519282
2026-09-28,5557655
2026-09-28,5570734
2026-09-28,5587028
2026-09-28,5594315
2026-09-28,5594374
2026-09-28,5596957
2026-09-28,5614638
2026-09-28,5629286
2026-09-28,5629961
2026-09-28,5629962
2026-09-28,5634001
2026-09-28,5660633
2026-09-28,5665051
2026-09-28,5665310
2026-09-28,5665901
2026-09-28,5671632
2026-09-28,5671775
2026-09-28,5687340
2026-09-28,5689475
2026-09-28,5690259
2026-09-28,5690333
2026-09-28,5698696
2026-09-28,5707600
2026-09-28,5727138
2026-09-28,5739442
2026-09-28,5739448
2026-09-28,5778447
2026-09-28,5791510
2026-09-28,5793037
2026-09-28,5793136
2026-09-28,5801915
2026-09-28,5826630
2026-09-28,5830975
2026-09-28,5857386
2026-09-28,5857533
2026-09-28,5870941
2026-09-28,5879890
2026-09-28,5880106
2026-09-28,5880211
2026-09-28,5882452
2026-09-28,5929987
2026-09-28,5930010
2026-09-28,5940839
2026-09-28,5942028
2026-09-28,5953750
2026-09-28,5959862
2026-09-28,5959875
2026-09-28,6018097
2026-09-28,6018232
2026-09-28,6078799
2026-09-28,6084059
2026-09-28,6085528
2026-09-28,6086177
2026-09-28,6108513
2026-09-28,6138570
2026-09-28,6138601
2026-09-28,6142055
2026-09-28,6154673
2026-09-28,6169404
2026-09-28,6181714
2026-09-28,6202157
2026-09-28,6207739
2026-09-28,6207908
2026-09-28,6244037
2026-09-28,6266313
2026-09-28,6275634
2026-09-28,6277738
2026-09-28,6278304
2026-09-28,6284052
2026-09-28,6306621
2026-09-28,6306636
2026-09-28,6318551
2026-09-28,6323476
2026-09-28,6325841
2026-09-28,6341936
2026-09-28,6341937
2026-09-28,6343479
2026-09-28,6344763
2026-09-28,6354745
2026-09-28,6355316
2026-09-28,6359260
2026-09-28,6380064
2026-09-28,6399853
2026-09-28,6400321
2026-09-28,6401510
2026-09-28,6431186
2026-09-28,6472025
2026-09-28,6472034
2026-09-28,6475423
2026-09-28,6475429
2026-09-28,6475479
2026-09-28,6476051
2026-09-28,6480389
2026-09-28,6492678
2026-09-28,6494527
2026-09-28,6497759
2026-09-28,6498185
2026-09-28,6500115
2026-09-28,6500117
2026-09-28,6500123
2026-09-28,6500132
2026-09-28,6500139
2026-09-28,6500154
2026-09-28,6500295
2026-09-28,6504423
2026-09-28,6506061
2026-09-28,6516692
2026-09-28,6533528
2026-09-28,6535992
2026-09-28,6539072
2026-09-28,6539198
2026-09-28,6573655
2026-09-28,6573669
2026-09-28,6573798
2026-09-28,6580102
2026-09-28,6580204
2026-09-28,6588835
2026-09-28,6588841
2026-09-28,6588843
2026-09-28,6588859
2026-09-28,6588861
2026-09-28,6596666
2026-09-28,6596682
2026-09-28,6596702
2026-09-28,6596717
2026-09-28,6597579
2026-09-28,6600629
2026-09-28,6620526
2026-09-28,6623765
2026-09-28,6634400
2026-09-28,6635489
2026-09-28,6635493
2026-09-28,6643147
2026-09-28,6666347
2026-09-28,6673445
2026-09-28,6673449
2026-09-28,6673450
2026-09-28,6698489
2026-09-28,6698684
2026-09-28,6706052
2026-09-28,6706282
2026-09-28,6706378
2026-09-28,6723163
2026-09-28,6735025
2026-09-28,6736123
2026-09-28,6738143
2026-09-28,6738146
2026-09-28,6741298
2026-09-28,6744489
2026-09-28,6744867
2026-09-28,6745000
2026-09-28,6747823
2026-09-28,6748181
2026-09-28,6748212
2026-09-28,6751914
2026-09-28,6751918
2026-09-28,6751921
2026-09-28,6751922
2026-09-28,6775223
2026-09-28,6776313
2026-09-28,6776325
2026-09-28,6776527
2026-09-28,6776896
2026-09-28,6779112
2026-09-28,6796497
2026-09-28,6796850
2026-09-28,6796910
2026-09-28,6799362
2026-09-28,6799647
2026-09-28,6800727
2026-09-28,6800815
2026-09-28,6805149
2026-09-28,6805287
2026-09-28,6805355
2026-09-28,6805827
2026-09-28,6805997
2026-09-28,6806824
2026-09-28,6807597
2026-09-28,6810463
2026-09-28,6824330
2026-09-28,6824421
2026-09-28,6824504
2026-09-28,6824537
2026-09-28,6824538
2026-09-28,6824564
2026-09-28,6824615
2026-09-28,6824616
2026-09-28,6824759
2026-09-28,6824783
2026-09-28,6824838
2026-09-28,6824866
2026-09-28,6824899
2026-09-28,6824930
2026-09-28,6824998
2026-09-28,6825013
2026-09-28,6825029
2026-09-28,6825058
2026-09-28,6825092
2026-09-28,6825096
2026-09-28,6825113
2026-09-28,6825115
2026-09-28,6825158
2026-09-28,6825168
2026-09-28,6825175
2026-09-28,6825182
2026-09-28,6825188
2026-09-28,6825250
2026-09-28,6825278
2026-09-28,6825311
2026-09-28,6825320
2026-09-28,6825321
2026-09-28,6825326
2026-09-28,6825329
2026-09-28,6825343
2026-09-28,6825346
2026-09-28,6825358
2026-09-28,6825400
2026-09-28,6825403
2026-09-28,6825440
2026-09-28,6825465
2026-09-28,6825475
2026-09-28,6825493
2026-09-28,6825504
2026-09-28,6825518
2026-09-28,6825584
2026-09-28,6825601
2026-09-28,6825632
2026-09-28,6825670
2026-09-28,6825687
2026-09-28,6825747
2026-09-28,6825767
2026-09-28,6825775
2026-09-28,6825828
2026-09-28,6825856
2026-09-28,6825857
2026-09-28,6825877
2026-09-28,6825883
2026-09-28,6825895
2026-09-28,6825910
2026-09-28,6845522
2026-09-28,6845526
2026-09-28,6845578
2026-09-28,6845587
2026-09-28,6845593
2026-09-28,6845629
2026-09-28,6845648
2026-09-28,6845663
2026-09-28,6845668
2026-09-28,6845733
2026-09-28,6845838
2026-09-28,6846062
2026-09-28,6846861
2026-09-28,6846888
2026-09-28,6847678
2026-09-28,6850120
2026-09-28,6865207
2026-09-28,6865617
2026-09-28,6881922
2026-09-28,6881935
2026-09-28,6881962
2026-09-28,6881966
2026-09-28,6882572
2026-09-28,6882580
2026-09-28,6882609
2026-09-28,6882613
2026-09-28,6882711
2026-09-28,6882763
2026-09-28,6882766
2026-09-28,6882773
2026-09-28,6883665
2026-09-28,6884103
2026-09-28,6884108
2026-09-28,6884116
2026-09-28,6884307
2026-09-28,6884475
2026-09-28,6884528
2026-09-28,6884541
2026-09-28,6884547
2026-09-28,6892543
2026-09-28,6893112
2026-09-28,6895068
2026-09-28,6895138
2026-09-28,6895142
2026-09-28,6895194
2026-09-28,6895202
2026-09-28,6895227
2026-09-28,6895230
2026-09-28,6895266
2026-09-28,6895269
2026-09-28,6895272
2026-09-28,6895342
2026-09-28,6895539
2026-09-28,6899741
2026-09-28,6900265
2026-09-28,6907229
2026-09-28,6908977
2026-09-28,6910075
2026-09-28,6927231
2026-09-28,6927246
2026-09-28,6927249
2026-09-28,6927256
2026-09-28,6927270
2026-09-28,6927297
2026-09-28,6927310
2026-09-28,6927327
2026-09-28,6927339
2026-09-28,6927346
2026-09-28,6927354
2026-09-28,6927400
2026-09-28,6927411
2026-09-28,6927427
2026-09-28,6927441
2026-09-28,6927449
2026-09-28,6927903
2026-09-28,6930166
2026-09-28,6933002
2026-09-28,6936567
2026-09-28,6940850
2026-09-28,6961788
2026-09-28,6961801
2026-09-28,6961803
2026-09-28,6961806
2026-09-28,6961807
2026-09-28,6961808
2026-09-28,6961809
2026-09-28,6961825
2026-09-28,6961854
2026-09-28,6961859
2026-09-28,6961870
2026-09-28,6961890
2026-09-28,6961893
2026-09-28,6961895
2026-09-28,6961903
2026-09-28,6961906
2026-09-28,6961915
2026-09-28,6963729
2026-09-28,6963857
2026-09-28,6963912
2026-09-28,6964122
2026-09-28,6964164
2026-09-28,6965852
2026-09-28,6966283
2026-09-28,6966339
2026-09-28,6966622
2026-09-28,6967084
2026-09-28,6969657
2026-09-28,6969740
2026-09-28,6969790
2026-09-28,6971328
2026-09-28,6972462
2026-09-28,6985698
2026-09-28,6985753
2026-09-28,6985818
2026-09-28,6985821
2026-09-28,6985825
2026-09-28,6985844
2026-09-28,6985848
2026-09-28,6985859
2026-09-28,6985864
2026-09-28,6985869
2026-09-28,6985878
2026-09-28,6985891
2026-09-28,6985913
2026-09-28,6985916
2026-09-28,6986394
2026-09-28,6986438
2026-09-28,6987607
2026-09-28,6989857
2026-09-28,6994628
2026-09-28,6995480
2026-09-28,6997390
2026-09-28,6997394
2026-09-28,7006699
2026-09-28,7007039
2026-09-28,7011508
2026-09-28,7011789
2026-09-28,7011812
2026-09-28,7012707
2026-09-28,7030255
2026-09-28,7030259
2026-09-28,7030277
2026-09-28,7030294
2026-09-28,7030300
2026-09-28,7030327
2026-09-28,7030333
2026-09-28,7030337
2026-09-28,7030353
2026-09-28,7030359
2026-09-28,7030364
2026-09-28,7030366
2026-09-28,7030402
2026-09-28,7030425
2026-09-28,7030449
2026-09-28,7034553
2026-09-28,7036492
2026-09-28,7036548
2026-09-28,7044095
2026-09-28,7046286
2026-09-28,7047022
2026-09-28,7047099
2026-09-28,7053311
2026-09-28,7053868
2026-09-28,7054131
2026-09-28,7054170
2026-09-28,7054290
2026-09-28,7054537
2026-09-28,7054549
2026-09-28,7054616
2026-09-28,7054719
2026-09-28,7054750
2026-09-28,7055039
2026-09-28,7055047
2026-09-28,7058148
2026-09-28,7059575
2026-09-28,7059674
2026-09-28,7059716
2026-09-28,7059755
2026-09-28,7059762
2026-09-28,7059800
2026-09-28,7059875
2026-09-28,7059878
2026-09-28,7059972
2026-09-28,7059986
2026-09-28,7060916
2026-09-28,7061046
2026-09-28,7061058
2026-09-28,7061059
2026-09-28,7061062
2026-09-28,7061064
2026-09-28,7061121
2026-09-28,7062850
2026-09-28,7062851
2026-09-28,7063125
2026-09-28,7069035
2026-09-28,7070149
2026-09-28,7070225
2026-09-28,7070738
2026-09-28,7073041
2026-09-28,7073639
2026-09-28,7074083
2026-09-28,7091378
2026-09-28,7091474
2026-09-28,7092812
2026-09-28,7092821
2026-09-28,7092831
2026-09-28,7092837
2026-09-28,7092849
2026-09-28,7092873
2026-09-28,7092876
2026-09-28,7092891
2026-09-28,7092897
2026-09-28,7092904
2026-09-28,7092916
2026-09-28,7092940
2026-09-28,7093013
2026-09-28,7093130
2026-09-28,7093146
2026-09-28,7093155
2026-09-28,7093156
2026-09-28,7093159
2026-09-28,7093645
2026-09-28,7094087
2026-09-28,7094931
2026-09-28,7095009
2026-09-28,7099545
2026-09-28,7100250
2026-09-28,7104361
2026-09-28,7106382
2026-09-28,7107630
2026-09-28,7107739
2026-09-28,7107740
2026-09-28,7107802
2026-09-28,7112288
2026-09-28,7112580
2026-09-28,7112769
2026-09-28,7112830
2026-09-28,7113013
2026-09-28,7115113
2026-09-28,7115115
2026-09-28,7115186
2026-09-28,7115387
2026-09-28,7115684
2026-09-28,7117698
2026-09-28,7117776
2026-09-28,7125916
2026-09-28,7125918
2026-09-28,7125920
2026-09-28,7125937
2026-09-28,7125940
2026-09-28,7125951
2026-09-28,7125952
2026-09-28,7125960
2026-09-28,7125974
2026-09-28,7125980
2026-09-28,7125996
2026-09-28,7125997
2026-09-28,7126027
2026-09-28,7126046
2026-09-28,7126078
2026-09-28,7132268
2026-09-28,7132290
2026-09-28,7132376
2026-09-28,7133079
2026-09-28,7133120
2026-09-28,7133789
2026-09-28,7134457
2026-09-28,7134463
2026-09-28,7136792
2026-09-28,7148881
2026-09-28,7149731
2026-09-28,7150277
2026-09-28,7151984
2026-09-28,7153919
2026-09-28,7155643
2026-09-28,7155675
2026-09-28,7155898
2026-09-28,7157103
2026-09-28,7160488
2026-09-28,7160521
2026-09-28,7160577
2026-09-28,7161743
2026-09-28,7161746
2026-09-28,7161766
2026-09-28,7161768
2026-09-28,7161775
2026-09-28,7161782
2026-09-28,7161800
2026-09-28,7161806
2026-09-28,7161821
2026-09-28,7161842
2026-09-28,7161844
2026-09-28,7161847
2026-09-28,7161875
2026-09-28,7161881
2026-09-28,7161882
2026-09-28,7161911
2026-09-28,7161923
2026-09-28,7163062
2026-09-28,7163085
2026-09-28,7164229
2026-09-28,7165124
2026-09-28,7165127
2026-09-28,7165131
2026-09-28,7165144
2026-09-28,7166188
2026-09-28,7168308
2026-09-28,7345557
2026-09-28,7348004
2026-09-28,7348015
2026-09-28,7348338
2026-09-28,7349234
2026-09-28,7349241
2026-09-28,7349473
2026-09-28,7349697
2026-09-28,7349932
2026-09-28,7350094
2026-09-28,7350112
2026-09-28,7352134
2026-09-28,7352452
2026-09-28,7352565
2026-09-28,7352829
2026-09-28,7352860
2026-09-28,7354644
2026-09-28,7378572
2026-09-28,7378598
2026-09-28,7378602
2026-09-28,7378609
2026-09-28,7379890
2026-09-28,7379895
2026-09-28,7379902
2026-09-28,7379908
2026-09-28,7379913
2026-09-28,7379916
2026-09-28,7379921
2026-09-28,7379979
2026-09-28,7379989
2026-09-28,7379990
2026-09-28,7380000
2026-09-28,7380021
2026-09-28,7380024
2026-09-28,7380936
2026-09-28,7381349
2026-09-28,7385974
2026-09-28,7385978
2026-09-28,7386823
2026-09-28,7387697
2026-09-28,7395263
2026-09-28,7395306
2026-09-28,7397819
2026-09-28,7398511
2026-09-28,7398576
2026-09-28,7400558
2026-09-28,7402743
2026-09-28,7402761
2026-09-28,7402851
2026-09-28,7402856
2026-09-28,7403192
2026-09-28,7403201
2026-09-28,7403326
2026-09-28,7403719
2026-09-28,7403772
2026-09-28,7404112
2026-09-28,7404568
2026-09-28,7405940
2026-09-28,7406395
2026-09-28,7406839
2026-09-28,7406840
2026-09-28,7406873
2026-09-28,7420780
2026-09-28,7421721
2026-09-28,7421743
2026-09-28,7421752
2026-09-28,7421764
2026-09-28,7421783
2026-09-28,7421786
2026-09-28,7421802
2026-09-28,7421807
2026-09-28,7421809
2026-09-28,7421816
2026-09-28,7421833
2026-09-28,7421837
2026-09-28,7421861
2026-09-28,7421863
2026-09-28,7422538
2026-09-28,7422604
2026-09-28,7423181
2026-09-28,7425081
2026-09-28,7425806
2026-09-28,7425825
2026-09-28,7425839
2026-09-28,7425846
2026-09-28,7425869
2026-09-28,7425955
2026-09-28,7425971
2026-09-28,7426003
2026-09-28,7430759
2026-09-28,7431031
2026-09-28,7431368
2026-09-28,7433614
2026-09-28,7435671
2026-09-28,7449358
2026-09-28,7452028
2026-09-28,7452360
2026-09-28,7452781
2026-09-28,7453718
2026-09-28,7453719
2026-10-05,1474166
2026-10-05,1474169
2026-10-05,1720457
2026-10-05,1762853
2026-10-05,1918009
2026-10-05,2044499
2026-10-05,206ZGTB
2026-10-05,2074394
2026-10-05,209SPGN
2026-10-05,209VCCG
2026-10-05,210JQWV
2026-10-05,211LRNF
2026-10-05,211WJZR
2026-10-05,212KQNN
2026-10-05,212NBNW
2026-10-05,213DLCX
2026-10-05,213JKCV
2026-10-05,213MFZB
2026-10-05,213MXST
2026-10-05,213NJDS
2026-10-05,213NKNB
2026-10-05,213NLWS
2026-10-05,213PCXM
2026-10-05,213PGVT
2026-10-05,213PGWH
2026-10-05,213PJFQ
2026-10-05,213PNPN
2026-10-05,213PXTH
2026-10-05,213PYBL
2026-10-05,213RHNB
2026-10-05,213RPSJ
2026-10-05,213RWQL
2026-10-05,213VGNP
2026-10-05,213VJXT
2026-10-05,213WKKD
2026-10-05,213WLDM
2026-10-05,213WPWC
2026-10-05,213WSHL
2026-10-05,213WZBW
2026-10-05,213XBBV
2026-10-05,213XQSG
2026-10-05,213XZSD
2026-10-05,213YLXY
2026-10-05,213YXSB
2026-10-05,213ZBSX
2026-10-05,213ZDBT
2026-10-05,213ZDYN
2026-10-05,213ZPBR
2026-10-05,213ZRGY
2026-10-05,213ZWJM
2026-10-05,213ZXHW
2026-10-05,213ZXWN
2026-10-05,213ZYMS
2026-10-05,214BFGN
2026-10-05,214BMKG
2026-10-05,214BTWK
2026-10-05,214CRWD
2026-10-05,214DLKB
2026-10-05,214FCRQ
2026-10-05,214FNQG
2026-10-05,214FWMR
2026-10-05,214FZXY
2026-10-05,214GFCW
2026-10-05,214GVTT
2026-10-05,214GWTX
2026-10-05,214GYND
2026-10-05,214HNZF
2026-10-05,214HYLZ
2026-10-05,214JKRL
2026-10-05,214JLWY
2026-10-05,214JPBP
2026-10-05,214JQJB
2026-10-05,214JYHS
2026-10-05,214JYXZ
2026-10-05,214KHSJ
2026-10-05,214KJJQ
2026-10-05,214KJSS
2026-10-05,214KLML
2026-10-05,214KMXS
2026-10-05,214KRGN
2026-10-05,214KTWX
2026-10-05,214LMTM
2026-10-05,214LXJN
2026-10-05,214MJKS
2026-10-05,214MMFP
2026-10-05,214MMHV
2026-10-05,214MMJS
2026-10-05,214MTFC
2026-10-05,214MTWS
2026-10-05,214MTXH
2026-10-05,214MVVW
2026-10-05,214NHNS
2026-10-05,214NQPS
2026-10-05,214PCBC
2026-10-05,214PPQT
2026-10-05,214PQYJ
2026-10-05,214QFSQ
2026-10-05,214QKFS
2026-10-05,214QPRD
2026-10-05,214QSLW
2026-10-05,214QVZY
2026-10-05,214QWVK
2026-10-05,214QWXD
2026-10-05,214QXHY
2026-10-05,214QXMT
2026-10-05,214RMFR
2026-10-05,214RMRG
2026-10-05,214RTCJ
2026-10-05,214RZFG
2026-10-05,214SDJN
2026-10-05,214SLNJ
2026-10-05,214SPCV
2026-10-05,214SSFT
2026-10-05,214SVLC
2026-10-05,214SWFP
2026-10-05,214TGBZ
2026-10-05,214TSFW
2026-10-05,214TXLX
2026-10-05,214VBCP
2026-10-05,214VHYN
2026-10-05,214VJLJ
2026-10-05,2393226
2026-10-05,2395866
2026-10-05,2403720
2026-10-05,2427340
2026-10-05,2534588
2026-10-05,2653953
2026-10-05,2654034
2026-10-05,2899517
2026-10-05,2905392
2026-10-05,2985865
2026-10-05,3154825
2026-10-05,3172298
2026-10-05,3219430
2026-10-05,3227466
2026-10-05,3346343
2026-10-05,3440266
2026-10-05,3444184
2026-10-05,3553263
2026-10-05,3559396
2026-10-05,3646938
2026-10-05,3659355
2026-10-05,3752185
2026-10-05,3769177
2026-10-05,3850813
2026-10-05,3851440
2026-10-05,3858563
2026-10-05,3880348
2026-10-05,3953492
2026-10-05,3953552
2026-10-05,4027455
2026-10-05,4040347
2026-10-05,4054060
2026-10-05,4130233
2026-10-05,4196276
2026-10-05,4328560
2026-10-05,4341771
2026-10-05,4396894
2026-10-05,4397173
2026-10-05,4398050
2026-10-05,4398493
2026-10-05,4462715
2026-10-05,4506410
2026-10-05,4570642
2026-10-05,4630614
2026-10-05,4634494
2026-10-05,4634509
2026-10-05,4634529
2026-10-05,4634558
2026-10-05,4634581
2026-10-05,4634583
2026-10-05,4634999
2026-10-05,4635004
2026-10-05,4635039
2026-10-05,4635197
2026-10-05,4635269
2026-10-05,4635311
2026-10-05,4635354
2026-10-05,4635357
2026-10-05,4635373
2026-10-05,4635377
2026-10-05,4635403
2026-10-05,4635457
2026-10-05,4635562
2026-10-05,4635589
2026-10-05,4635595
2026-10-05,4646821
2026-10-05,4655256
2026-10-05,4655816
2026-10-05,4710200
2026-10-05,4710483
2026-10-05,4724749
2026-10-05,4771997
2026-10-05,4772944
2026-10-05,4782396
2026-10-05,4790580
2026-10-05,5006247
2026-10-05,5031527
2026-10-05,5031587
2026-10-05,5040821
2026-10-05,5042246
2026-10-05,5081620
2026-10-05,5131291
2026-10-05,5133816
2026-10-05,5155945
2026-10-05,5199834
2026-10-05,5202959
2026-10-05,5203120
2026-10-05,5218230
2026-10-05,5225293
2026-10-05,5340926
2026-10-05,5397637
2026-10-05,5433938
2026-10-05,5433976
2026-10-05,5462392
2026-10-05,5489895
2026-10-05,5489909
2026-10-05,5503391
2026-10-05,5506322
2026-10-05,5519282
2026-10-05,5557655
2026-10-05,5583357
2026-10-05,5594315
2026-10-05,5594374
2026-10-05,5596957
2026-10-05,5614638
2026-10-05,5629286
2026-10-05,5629961
2026-10-05,5629962
2026-10-05,5634001
2026-10-05,5660633
2026-10-05,5665051
2026-10-05,5665310
2026-10-05,5665901
2026-10-05,5671632
2026-10-05,5671775
2026-10-05,5687340
2026-10-05,5689475
2026-10-05,5690259
2026-10-05,5690333
2026-10-05,5702315
2026-10-05,5727138
2026-10-05,5739442
2026-10-05,5739448
2026-10-05,5778447
2026-10-05,5791510
2026-10-05,5793037
2026-10-05,5793136
2026-10-05,5801915
2026-10-05,5870941
2026-10-05,5880211
2026-10-05,5882452
2026-10-05,5929987
2026-10-05,5930029
2026-10-05,5940839
2026-10-05,5959862
2026-10-05,5959875
2026-10-05,6018187
2026-10-05,6018228
2026-10-05,6032481
2026-10-05,6032487
2026-10-05,6043519
2026-10-05,6078799
2026-10-05,6108513
2026-10-05,6138570
2026-10-05,6138601
2026-10-05,6142055
2026-10-05,6154673
2026-10-05,6166508
2026-10-05,6181714
2026-10-05,6202156
2026-10-05,6202157
2026-10-05,6207739
2026-10-05,6207908
2026-10-05,6236514
2026-10-05,6244037
2026-10-05,6275634
2026-10-05,6277738
2026-10-05,6278304
2026-10-05,6284052
2026-10-05,6306621
2026-10-05,6306636
2026-10-05,6318551
2026-10-05,6323476
2026-10-05,6325841
2026-10-05,6341936
2026-10-05,6341937
2026-10-05,6354745
2026-10-05,6359260
2026-10-05,6380064
2026-10-05,6394635
2026-10-05,6399853
2026-10-05,6400321
2026-10-05,6401510
2026-10-05,6414910
2026-10-05,6414919
2026-10-05,6414994
2026-10-05,6415001
2026-10-05,6425841
2026-10-05,6433201
2026-10-05,6458631
2026-10-05,6492564
2026-10-05,6500115
2026-10-05,6500123
2026-10-05,6500132
2026-10-05,6500154
2026-10-05,6504423
2026-10-05,6516692
2026-10-05,6523236
2026-10-05,6533528
2026-10-05,6539072
2026-10-05,6568871
2026-10-05,6573669
2026-10-05,6574111
2026-10-05,6596682
2026-10-05,6597579
2026-10-05,6600627
2026-10-05,6600629
2026-10-05,6620526
2026-10-05,6623765
2026-10-05,6634400
2026-10-05,6662353
2026-10-05,6662414
2026-10-05,6662579
2026-10-05,6692709
2026-10-05,6692714
2026-10-05,6692738
2026-10-05,6698489
2026-10-05,6698684
2026-10-05,6706052
2026-10-05,6706282
2026-10-05,6706378
2026-10-05,6723163
2026-10-05,6727714
2026-10-05,6727806
2026-10-05,6736123
2026-10-05,6738143
2026-10-05,6738321
2026-10-05,6745000
2026-10-05,6747823
2026-10-05,6748181
2026-10-05,6748212
2026-10-05,6749162
2026-10-05,6751914
2026-10-05,6751918
2026-10-05,6751921
2026-10-05,6751922
2026-10-05,6775223
2026-10-05,6776313
2026-10-05,6776527
2026-10-05,6779112
2026-10-05,6796497
2026-10-05,6796850
2026-10-05,6796910
2026-10-05,6797695
2026-10-05,6799362
2026-10-05,6799647
2026-10-05,6800727
2026-10-05,6800815
2026-10-05,6805149
2026-10-05,6805355
2026-10-05,6806824
2026-10-05,6807597
2026-10-05,6810463
2026-10-05,6825013
2026-10-05,6825029
2026-10-05,6825092
2026-10-05,6825115
2026-10-05,6825158
2026-10-05,6825168
2026-10-05,6825188
2026-10-05,6825250
2026-10-05,6825311
2026-10-05,6825321
2026-10-05,6825329
2026-10-05,6825343
2026-10-05,6825346
2026-10-05,6825358
2026-10-05,6825465
2026-10-05,6825475
2026-10-05,6825493
2026-10-05,6825584
2026-10-05,6825601
2026-10-05,6825670
2026-10-05,6825747
2026-10-05,6825767
2026-10-05,6825877
2026-10-05,6825895
2026-10-05,6825910
2026-10-05,6830395
2026-10-05,6845526
2026-10-05,6845593
2026-10-05,6845607
2026-10-05,6845663
2026-10-05,6845838
2026-10-05,6846384
2026-10-05,6846861
2026-10-05,6846888
2026-10-05,6847678
2026-10-05,6850120
2026-10-05,6865617
2026-10-05,6881922
2026-10-05,6881935
2026-10-05,6881962
2026-10-05,6881966
2026-10-05,6882766
2026-10-05,6883665
2026-10-05,6884307
2026-10-05,6884475
2026-10-05,6892543
2026-10-05,6893112
2026-10-05,6895202
2026-10-05,6895227
2026-10-05,6895269
2026-10-05,6895272
2026-10-05,6895576
2026-10-05,6907229
2026-10-05,6908977
2026-10-05,6927231
2026-10-05,6927327
2026-10-05,6927339
2026-10-05,6927400
2026-10-05,6927427
2026-10-05,6927885
2026-10-05,6928205
2026-10-05,6928219
2026-10-05,6929868
2026-10-05,6930166
2026-10-05,6933002
2026-10-05,6961806
2026-10-05,6961808
2026-10-05,6961829
2026-10-05,6961854
2026-10-05,6961906
2026-10-05,6961915
2026-10-05,6963729
2026-10-05,6963857
2026-10-05,6963912
2026-10-05,6965852
2026-10-05,6966339
2026-10-05,6966622
2026-10-05,6969657
2026-10-05,6969740
2026-10-05,6969790
2026-10-05,6971328
2026-10-05,6972462
2026-10-05,6985848
2026-10-05,6985864
2026-10-05,6985869
2026-10-05,6985878
2026-10-05,6985891
2026-10-05,6985913
2026-10-05,6985916
2026-10-05,6986394
2026-10-05,6986438
2026-10-05,6986718
2026-10-05,6987607
2026-10-05,6989857
2026-10-05,6994628
2026-10-05,6995480
2026-10-05,6997390
2026-10-05,7006699
2026-10-05,7012707
2026-10-05,7030327
2026-10-05,7030333
2026-10-05,7030337
2026-10-05,7030353
2026-10-05,7030359
2026-10-05,7030364
2026-10-05,7030366
2026-10-05,7030402
2026-10-05,7030449
2026-10-05,7034553
2026-10-05,7036492
2026-10-05,7044157
2026-10-05,7044160
2026-10-05,7046286
2026-10-05,7053311
2026-10-05,7054131
2026-10-05,7054170
2026-10-05,7054290
2026-10-05,7054305
2026-10-05,7054533
2026-10-05,7054549
2026-10-05,7054616
2026-10-05,7054719
2026-10-05,7054750
2026-10-05,7054938
2026-10-05,7054943
2026-10-05,7054970
2026-10-05,7054980
2026-10-05,7054996
2026-10-05,7055000
2026-10-05,7055010
2026-10-05,7055015
2026-10-05,7055047
2026-10-05,7058148
2026-10-05,7059575
2026-10-05,7059674
2026-10-05,7059716
2026-10-05,7059755
2026-10-05,7059762
2026-10-05,7059800
2026-10-05,7059875
2026-10-05,7059878
2026-10-05,7059972
2026-10-05,7059986
2026-10-05,7060916
2026-10-05,7061046
2026-10-05,7061058
2026-10-05,7061059
2026-10-05,7061062
2026-10-05,7061064
2026-10-05,7062850
2026-10-05,7062851
2026-10-05,7063125
2026-10-05,7070738
2026-10-05,7091474
2026-10-05,7092821
2026-10-05,7092837
2026-10-05,7092849
2026-10-05,7092876
2026-10-05,7092897
2026-10-05,7092916
2026-10-05,7092940
2026-10-05,7093130
2026-10-05,7093146
2026-10-05,7093155
2026-10-05,7093156
2026-10-05,7093645
2026-10-05,7093652
2026-10-05,7094087
2026-10-05,7094931
2026-10-05,7095009
2026-10-05,7104361
2026-10-05,7107630
2026-10-05,7112769
2026-10-05,7113013
2026-10-05,7115115
2026-10-05,7115186
2026-10-05,7115387
2026-10-05,7115684
2026-10-05,7117698
2026-10-05,7117776
2026-10-05,7125937
2026-10-05,7125951
2026-10-05,7125952
2026-10-05,7125974
2026-10-05,7125980
2026-10-05,7125996
2026-10-05,7126046
2026-10-05,7132189
2026-10-05,7132268
2026-10-05,7132290
2026-10-05,7132374
2026-10-05,7132376
2026-10-05,7132379
2026-10-05,7133079
2026-10-05,7133789
2026-10-05,7134457
2026-10-05,7136792
2026-10-05,7148881
2026-10-05,7149731
2026-10-05,7155643
2026-10-05,7155675
2026-10-05,7157103
2026-10-05,7160488
2026-10-05,7160521
2026-10-05,7160577
2026-10-05,7161743
2026-10-05,7161766
2026-10-05,7161775
2026-10-05,7161806
2026-10-05,7161821
2026-10-05,7161847
2026-10-05,7161881
2026-10-05,7161882
2026-10-05,7161911
2026-10-05,7163062
2026-10-05,7163085
2026-10-05,7165124
2026-10-05,7165127
2026-10-05,7165131
2026-10-05,7165144
2026-10-05,7166188
2026-10-05,7168308
2026-10-05,7345557
2026-10-05,7348004
2026-10-05,7348015
2026-10-05,7348338
2026-10-05,7349473
2026-10-05,7349932
2026-10-05,7352452
2026-10-05,7352565
2026-10-05,7354644
2026-10-05,7378572
2026-10-05,7378598
2026-10-05,7378602
2026-10-05,7379895
2026-10-05,7379902
2026-10-05,7379913
2026-10-05,7379916
2026-10-05,7380936
2026-10-05,7381241
2026-10-05,7386823
2026-10-05,7387697
2026-10-05,7395263
2026-10-05,7395306
2026-10-05,7397819
2026-10-05,7398511
2026-10-05,7398576
2026-10-05,7402743
2026-10-05,7402761
2026-10-05,7403192
2026-10-05,7403201
2026-10-05,7403326
2026-10-05,7403719
2026-10-05,7403772
2026-10-05,7404568
2026-10-05,7405940
2026-10-05,7406839
2026-10-05,7406840
2026-10-05,7406873
2026-10-05,7420780
2026-10-05,7420784
2026-10-05,7421743
2026-10-05,7421752
2026-10-05,7421764
2026-10-05,7421802
2026-10-05,7421807
2026-10-05,7421816
2026-10-05,7421837
2026-10-05,7421861
2026-10-05,7422538
2026-10-05,7422604
2026-10-05,7423181
2026-10-05,7425081
2026-10-05,7425806
2026-10-05,7425825
2026-10-05,7425839
2026-10-05,7425846
2026-10-05,7425869
2026-10-05,7425971
2026-10-05,7426003
2026-10-05,7430759
2026-10-05,7431031
2026-10-05,7433614
2026-10-05,7435671
2026-10-05,7448755
2026-10-05,7452360
2026-10-05,7452781
2026-10-05,7453718
2026-10-05,7453719
2026-10-05,7465131
2026-10-05,7465453
2026-10-05,7470958
2026-10-05,7471321
2026-10-05,7472702
2026-10-05,7473705
2026-10-05,7473741
2026-10-05,7488407
2026-10-05,7489607
2026-10-05,7489648
2026-10-05,7489749
2026-10-05,7489761
2026-10-05,7490322
2026-10-05,7490403
2026-10-05,7495669
2026-10-05,7496082
2026-10-05,7497362
2026-10-05,7497380
2026-10-05,7497951
2026-10-05,7498073
2026-10-05,7498126
2026-10-05,7498834
2026-10-05,7500009
2026-10-05,7514153
2026-10-05,7514181
2026-10-05,7514235
2026-10-05,7514236
2026-10-05,7514253
2026-10-05,7514308
2026-10-05,7514315
2026-10-05,7514319
2026-10-05,7514341
2026-10-05,7514343
2026-10-05,7514354
2026-10-05,7515091
2026-10-05,7515174
2026-10-05,7516554
2026-10-05,7516809
2026-10-05,7517795
2026-10-05,7520130
2026-10-05,7532652
2026-10-05,7534325
2026-10-05,7534329
2026-10-05,7534343
2026-10-05,7534352
2026-10-05,7534381
2026-10-05,7535618
2026-10-05,7537096
2026-10-05,7539144
2026-10-05,7540615
2026-10-05,7551696
2026-10-05,7551826
2026-10-05,7551849
2026-10-05,7553043
2026-10-05,7553046
2026-10-05,7553088
2026-10-05,7553102
2026-10-05,7553103
2026-10-05,7553137
2026-10-05,7553145
2026-10-05,7553146
2026-10-05,7553149
2026-10-05,7553154
2026-10-05,7553186
2026-10-05,7553194
2026-10-05,7553195
2026-10-05,7553211
2026-10-05,7553228
2026-10-05,7553242
2026-10-05,7553255
2026-10-05,7553256
2026-10-05,7553270
2026-10-05,7553892
2026-10-05,7554029
2026-10-05,7554031
2026-10-05,7567395
2026-10-05,7570047
2026-10-05,7572119
2026-10-05,7572292
2026-10-05,7572919
2026-10-05,7573628
2026-10-05,7576776
2026-10-05,7576812
2026-10-05,7585385
2026-10-05,7585544
2026-10-05,7586339
2026-10-05,7586363
2026-10-05,7586365
2026-10-05,7586444
2026-10-05,7586445
2026-10-05,7586506
2026-10-05,7586517
2026-10-05,7586519
2026-10-05,7586527
2026-10-05,7586535
2026-10-05,7586881
2026-10-05,7586898
2026-10-05,7586941
2026-10-05,7586943
2026-10-05,7586982
2026-10-05,7587141
2026-10-05,7587200
2026-10-05,7587573
2026-10-05,7588548
2026-10-05,7594992
2026-10-05,7597433
2026-10-05,7600845
2026-10-05,7600849
2026-10-05,7601165
2026-10-05,7602528
2026-10-05,7602555
2026-10-05,7602605
2026-10-05,7602744
2026-10-05,7603358
2026-10-05,7604308
2026-10-05,7604312
2026-10-05,7604315
2026-10-05,7604959
2026-10-05,7623154
2026-10-05,7623162
2026-10-05,7623329
2026-10-05,7624190
2026-10-05,7624198
2026-10-05,7624275
2026-10-05,7624278
2026-10-05,7624328
2026-10-05,7624350
2026-10-05,7624402
2026-10-05,7624414
2026-10-05,7624430
2026-10-05,7624450
2026-10-05,7624478
2026-10-05,7624918
2026-10-05,7625084
2026-10-05,7625167
2026-10-05,7632434
2026-10-05,7635500
2026-10-05,7639750
2026-10-05,7639764
2026-10-05,7655247
2026-10-05,7657384
2026-10-05,7657708
2026-10-05,7657711
2026-10-05,7657713
2026-10-05,7657714
2026-10-05,7657715
2026-10-05,7657716
2026-10-05,7657734
2026-10-05,7657754
2026-10-05,7657755
2026-10-05,7657766
2026-10-05,7657767
2026-10-05,7657785
2026-10-05,7657790
2026-10-05,7664174
2026-10-05,7665686
2026-10-05,7666181
2026-10-05,7668809
2026-10-05,7668830
2026-10-05,7668970
2026-10-05,7671974
2026-10-05,7672812
2026-10-05,7672873
